datetime,symbol,open,high,low,close,volume
2026-05-22 12:00:00,OANDA:XAGUSD,75.807,76.37355,75.4335,76.18255,21427.0
2026-05-22 13:00:00,OANDA:XAGUSD,76.20155,76.49,75.6928,75.9865,31506.0
2026-05-22 14:00:00,OANDA:XAGUSD,75.971,75.971,74.9768,75.2845,35947.0
2026-05-22 15:00:00,OANDA:XAGUSD,75.2845,75.99165,75.258,75.9689,19360.0
2026-05-22 16:00:00,OANDA:XAGUSD,75.969,76.2848,75.7186,75.884,13150.0
2026-05-22 17:00:00,OANDA:XAGUSD,75.8875,76.32855,75.767,75.96825,22870.0
2026-05-22 18:00:00,OANDA:XAGUSD,75.96815,76.11245,75.7745,75.92075,17404.0
2026-05-22 19:00:00,OANDA:XAGUSD,75.9266,75.9334,75.403,75.58655,18262.0
2026-05-22 20:00:00,OANDA:XAGUSD,75.5986,75.6115,75.4062,75.51775,6360.0
2026-05-24 22:00:00,OANDA:XAGUSD,77.1045,77.875,76.7555,77.85,13585.0
2026-05-24 23:00:00,OANDA:XAGUSD,77.847,78.826,77.847,78.186,9772.0
2026-05-25 00:00:00,OANDA:XAGUSD,78.171,78.75625,77.97325,78.19545,15957.0
2026-05-25 01:00:00,OANDA:XAGUSD,78.20045,78.5882,77.73055,77.846,33150.0
2026-05-25 02:00:00,OANDA:XAGUSD,77.845,78.07615,77.48185,77.602,20782.0
2026-05-25 03:00:00,OANDA:XAGUSD,77.6015,77.84855,77.3045,77.6435,14784.0
2026-05-25 04:00:00,OANDA:XAGUSD,77.6425,78.008,77.6145,77.9205,8340.0
2026-05-25 05:00:00,OANDA:XAGUSD,77.92015,77.9305,77.451,77.5165,11422.0
2026-05-25 06:00:00,OANDA:XAGUSD,77.516,77.7625,77.3825,77.7285,14877.0
2026-05-25 07:00:00,OANDA:XAGUSD,77.7349,77.9762,77.39025,77.953,17566.0
2026-05-25 08:00:00,OANDA:XAGUSD,77.954,78.061,77.7226,77.909,12495.0
2026-05-25 09:00:00,OANDA:XAGUSD,77.9085,78.1266,77.7674,78.0524,7919.0
2026-05-25 10:00:00,OANDA:XAGUSD,78.052,78.2588,78.031,78.13245,8181.0
2026-05-25 11:00:00,OANDA:XAGUSD,78.1395,78.2925,78.02515,78.03885,8221.0
2026-05-25 12:00:00,OANDA:XAGUSD,78.03985,78.03985,77.644,77.83715,15009.0
2026-05-25 13:00:00,OANDA:XAGUSD,77.8351,77.83845,77.35905,77.607,18864.0
2026-05-25 14:00:00,OANDA:XAGUSD,77.60785,77.939,77.565,77.8221,13506.0
2026-05-25 15:00:00,OANDA:XAGUSD,77.82225,78.06,77.7433,77.79135,15194.0
2026-05-25 16:00:00,OANDA:XAGUSD,77.7958,78.0817,77.696,78.0793,11847.0
2026-05-25 17:00:00,OANDA:XAGUSD,78.077,78.5035,77.9799,78.084,11025.0
2026-05-25 18:00:00,OANDA:XAGUSD,78.0835,78.17955,78.0157,78.086,5023.0
2026-05-25 22:00:00,OANDA:XAGUSD,78.1413,78.3952,77.95765,78.188,5220.0
2026-05-25 23:00:00,OANDA:XAGUSD,78.18735,78.366,77.19785,77.678,9171.0
2026-05-26 00:00:00,OANDA:XAGUSD,77.6955,77.703,77.103,77.58535,14436.0
2026-05-26 01:00:00,OANDA:XAGUSD,77.5863,77.60415,75.73075,76.442,27517.0
2026-05-26 02:00:00,OANDA:XAGUSD,76.445,76.8855,76.36685,76.506,10464.0
2026-05-26 03:00:00,OANDA:XAGUSD,76.5055,77.048,76.502,76.9105,7727.0
2026-05-26 04:00:00,OANDA:XAGUSD,76.908,76.9385,76.402,76.4345,6563.0
2026-05-26 05:00:00,OANDA:XAGUSD,76.433,76.84575,76.289,76.488,11645.0
2026-05-26 06:00:00,OANDA:XAGUSD,76.48,76.697,76.3784,76.5609,16204.0
2026-05-26 07:00:00,OANDA:XAGUSD,76.57175,76.657,75.90775,76.42705,17255.0
2026-05-26 08:00:00,OANDA:XAGUSD,76.4365,76.49295,75.97475,76.0445,13287.0
2026-05-26 09:00:00,OANDA:XAGUSD,76.05015,76.21285,75.6558,75.97275,14291.0
2026-05-26 10:00:00,OANDA:XAGUSD,75.98,76.63515,75.8965,76.3705,13863.0
2026-05-26 11:00:00,OANDA:XAGUSD,76.369,76.4071,75.892,76.007,13222.0
2026-05-26 12:00:00,OANDA:XAGUSD,76.0004,76.26895,75.4935,76.2595,14941.0
2026-05-26 13:00:00,OANDA:XAGUSD,76.2445,76.66585,75.92,75.9915,20476.0
2026-05-26 14:00:00,OANDA:XAGUSD,75.991,76.5885,75.841,76.3245,16912.0
2026-05-26 15:00:00,OANDA:XAGUSD,76.3305,76.339,75.8655,75.984,16222.0
2026-05-26 16:00:00,OANDA:XAGUSD,75.987,76.3885,75.93335,76.16,10254.0
2026-05-26 17:00:00,OANDA:XAGUSD,76.162,76.3645,75.939,75.96375,10092.0
2026-05-26 18:00:00,OANDA:XAGUSD,75.9635,76.5025,75.839,76.474,6320.0
2026-05-26 19:00:00,OANDA:XAGUSD,76.475,77.064,76.452,77.056,7006.0
2026-05-26 20:00:00,OANDA:XAGUSD,77.0605,77.0895,76.8805,76.9625,3094.0
2026-05-26 22:00:00,OANDA:XAGUSD,77.1334,77.272,76.963,77.266,3977.0
2026-05-26 23:00:00,OANDA:XAGUSD,77.262,77.5234,77.0995,77.378,6192.0
2026-05-27 00:00:00,OANDA:XAGUSD,77.3765,77.5415,77.14475,77.1885,7795.0
2026-05-27 01:00:00,OANDA:XAGUSD,77.1945,77.487,76.7105,76.775,12641.0
2026-05-27 02:00:00,OANDA:XAGUSD,76.772,76.9165,76.524,76.824,8277.0
2026-05-27 03:00:00,OANDA:XAGUSD,76.8235,76.991,76.574,76.589,5766.0
2026-05-27 04:00:00,OANDA:XAGUSD,76.589,77.0265,76.539,76.842,5913.0
2026-05-27 05:00:00,OANDA:XAGUSD,76.8375,76.965,75.5775,75.6615,16713.0
2026-05-27 06:00:00,OANDA:XAGUSD,75.664,75.812,74.696,75.145,20087.0
2026-05-27 07:00:00,OANDA:XAGUSD,75.156,75.315,74.62935,74.9881,10915.0
2026-05-27 08:00:00,OANDA:XAGUSD,74.997,75.5275,74.93975,75.4795,10512.0
2026-05-27 09:00:00,OANDA:XAGUSD,75.4775,75.5565,75.2445,75.4475,7978.0
2026-05-27 10:00:00,OANDA:XAGUSD,75.448,75.528,74.097,74.30155,16962.0
2026-05-27 11:00:00,OANDA:XAGUSD,74.30165,74.5675,73.43715,73.8445,19681.0
2026-05-27 12:00:00,OANDA:XAGUSD,73.8415,75.211,73.7606,74.391,24619.0
2026-05-27 13:00:00,OANDA:XAGUSD,74.378,74.733,73.8883,74.5575,33147.0
2026-05-27 14:00:00,OANDA:XAGUSD,74.554,75.0723,74.2885,74.323,23735.0
2026-05-27 15:00:00,OANDA:XAGUSD,74.318,74.676,74.18,74.5225,14273.0
2026-05-27 16:00:00,OANDA:XAGUSD,74.52,74.8465,74.434,74.7244,7905.0
2026-05-27 17:00:00,OANDA:XAGUSD,74.72405,74.75225,74.4605,74.4905,6849.0
2026-05-27 18:00:00,OANDA:XAGUSD,74.488,74.9965,74.4255,74.7925,5285.0
2026-05-27 19:00:00,OANDA:XAGUSD,74.7955,74.8135,74.5635,74.6465,5877.0
2026-05-27 20:00:00,OANDA:XAGUSD,74.647,74.7435,74.5797,74.6435,2973.0
2026-05-27 22:00:00,OANDA:XAGUSD,74.6687,74.8375,74.6215,74.6815,3635.0
2026-05-27 23:00:00,OANDA:XAGUSD,74.682,74.7245,74.3855,74.5165,5249.0
2026-05-28 00:00:00,OANDA:XAGUSD,74.519,74.9385,74.4345,74.922,10102.0
2026-05-28 01:00:00,OANDA:XAGUSD,74.918,74.9705,73.019,73.1205,27443.0
2026-05-28 02:00:00,OANDA:XAGUSD,73.121,73.5305,72.9885,73.088,15591.0
2026-05-28 03:00:00,OANDA:XAGUSD,73.093,73.268,72.184,72.2525,17351.0
2026-05-28 04:00:00,OANDA:XAGUSD,72.256,72.4715,71.8375,71.99405,12014.0
2026-05-28 05:00:00,OANDA:XAGUSD,71.992,73.326,71.792,73.099,18510.0
2026-05-28 06:00:00,OANDA:XAGUSD,73.101,73.26,72.641,73.177,17262.0
2026-05-28 07:00:00,OANDA:XAGUSD,73.1815,73.5545,73.1815,73.5065,10632.0
2026-05-28 08:00:00,OANDA:XAGUSD,73.506,73.633,73.1769,73.22595,14400.0
2026-05-28 09:00:00,OANDA:XAGUSD,73.21795,73.6275,73.21245,73.5445,11074.0
2026-05-28 10:00:00,OANDA:XAGUSD,73.557,73.5895,72.7275,72.996,12854.0
2026-05-28 11:00:00,OANDA:XAGUSD,72.986,73.2265,72.727,73.037,11911.0
2026-05-28 12:00:00,OANDA:XAGUSD,73.039,74.1675,72.791,74.1585,16541.0
2026-05-28 13:00:00,OANDA:XAGUSD,74.1565,74.184,73.205,73.3705,21826.0
2026-05-28 14:00:00,OANDA:XAGUSD,73.3755,74.85955,73.1605,74.627,32019.0
2026-05-28 15:00:00,OANDA:XAGUSD,74.6325,75.0935,74.4975,75.0925,15689.0
2026-05-28 16:00:00,OANDA:XAGUSD,75.0915,75.853,74.85465,75.804,13785.0
2026-05-28 17:00:00,OANDA:XAGUSD,75.807,76.0055,75.5765,75.9115,11318.0
2026-05-28 18:00:00,OANDA:XAGUSD,75.9135,76.0335,75.6035,75.6525,9570.0
2026-05-28 19:00:00,OANDA:XAGUSD,75.65,75.694,75.527,75.566,6278.0
2026-05-28 20:00:00,OANDA:XAGUSD,75.572,75.7235,75.551,75.6535,3082.0
2026-05-28 22:00:00,OANDA:XAGUSD,75.761,75.8292,75.5853,75.59,2696.0
2026-05-28 23:00:00,OANDA:XAGUSD,75.5935,75.8245,75.556,75.6975,3822.0
2026-05-29 00:00:00,OANDA:XAGUSD,75.6945,76.1645,75.5975,75.6585,9285.0
2026-05-29 01:00:00,OANDA:XAGUSD,75.658,76.4375,75.62,76.007,18185.0
2026-05-29 02:00:00,OANDA:XAGUSD,76.0055,76.2045,75.626,75.7655,11365.0
2026-05-29 03:00:00,OANDA:XAGUSD,75.764,75.811,75.388,75.5215,8376.0
2026-05-29 04:00:00,OANDA:XAGUSD,75.5255,75.995,75.516,75.9465,6300.0
2026-05-29 05:00:00,OANDA:XAGUSD,75.948,75.9675,75.34,75.629,9919.0
2026-05-29 06:00:00,OANDA:XAGUSD,75.638,75.897,75.45,75.8795,14262.0
2026-05-29 07:00:00,OANDA:XAGUSD,75.86925,75.8779,75.23805,75.588,12981.0
2026-05-29 08:00:00,OANDA:XAGUSD,75.586,75.586,74.9725,75.1055,10912.0
2026-05-29 09:00:00,OANDA:XAGUSD,75.1145,75.763,75.0439,75.6215,9669.0
2026-05-29 10:00:00,OANDA:XAGUSD,75.61725,75.7949,75.416,75.78,6580.0
2026-05-29 11:00:00,OANDA:XAGUSD,75.772,75.821,75.361,75.756,10345.0
2026-05-29 12:00:00,OANDA:XAGUSD,75.75805,75.7665,75.1129,75.68305,15523.0
2026-05-29 13:00:00,OANDA:XAGUSD,75.68285,75.8639,75.199,75.4785,28610.0
2026-05-29 14:00:00,OANDA:XAGUSD,75.484,75.7628,74.5954,75.628,37714.0
2026-05-29 15:00:00,OANDA:XAGUSD,75.627,76.677,75.52965,75.744,33694.0
2026-05-29 16:00:00,OANDA:XAGUSD,75.7445,75.975,75.41995,75.8385,17767.0
2026-05-29 17:00:00,OANDA:XAGUSD,75.8415,75.929,75.3295,75.4025,17212.0
2026-05-29 18:00:00,OANDA:XAGUSD,75.4045,75.779,75.3655,75.4715,16784.0
2026-05-29 19:00:00,OANDA:XAGUSD,75.473,75.808,75.465,75.5605,14104.0
2026-05-29 20:00:00,OANDA:XAGUSD,75.5655,75.68345,75.2825,75.286,7374.0
2026-05-31 22:00:00,OANDA:XAGUSD,74.4596,75.20715,74.3959,75.0835,8330.0
2026-05-31 23:00:00,OANDA:XAGUSD,75.083,75.719,75.062,75.5815,8409.0
2026-06-01 00:00:00,OANDA:XAGUSD,75.5795,75.7855,75.4845,75.5805,12240.0
2026-06-01 01:00:00,OANDA:XAGUSD,75.5805,75.7745,74.8175,75.56,25386.0
2026-06-01 02:00:00,OANDA:XAGUSD,75.5595,76.0535,75.496,75.6093,18261.0
2026-06-01 03:00:00,OANDA:XAGUSD,75.60805,75.8385,75.209,75.421,15188.0
2026-06-01 04:00:00,OANDA:XAGUSD,75.4205,75.5905,75.3665,75.5855,8216.0
2026-06-01 05:00:00,OANDA:XAGUSD,75.5915,75.9995,75.534,75.86,14794.0
2026-06-01 06:00:00,OANDA:XAGUSD,75.8595,75.8787,75.2945,75.414,18237.0
2026-06-01 07:00:00,OANDA:XAGUSD,75.4035,75.892,75.2895,75.817,14722.0
2026-06-01 08:00:00,OANDA:XAGUSD,75.8185,75.91945,75.3504,75.718,14884.0
2026-06-01 09:00:00,OANDA:XAGUSD,75.7185,76.296,75.622,75.6495,13306.0
2026-06-01 10:00:00,OANDA:XAGUSD,75.6575,75.989,75.632,75.685,6666.0
2026-06-01 11:00:00,OANDA:XAGUSD,75.68515,75.93325,75.5285,75.7125,8771.0
2026-06-01 12:00:00,OANDA:XAGUSD,75.7105,75.9195,75.299,75.77,15060.0
2026-06-01 13:00:00,OANDA:XAGUSD,75.8045,75.886,73.8591,73.943,42609.0
2026-06-01 14:00:00,OANDA:XAGUSD,73.90455,74.55135,73.849,74.309,28643.0
2026-06-01 15:00:00,OANDA:XAGUSD,74.3185,75.2473,74.2435,74.901,23219.0
2026-06-01 16:00:00,OANDA:XAGUSD,74.9005,75.09185,74.589,74.976,11920.0
2026-06-01 17:00:00,OANDA:XAGUSD,74.982,75.446,74.877,75.3505,16585.0
2026-06-01 18:00:00,OANDA:XAGUSD,75.351,75.375,75.086,75.224,7494.0
2026-06-01 19:00:00,OANDA:XAGUSD,75.238,75.241,74.765,74.8285,6836.0
2026-06-01 20:00:00,OANDA:XAGUSD,74.828,74.9505,74.777,74.8535,5526.0
2026-06-01 22:00:00,OANDA:XAGUSD,74.814,74.984,74.74855,74.9785,4982.0
2026-06-01 23:00:00,OANDA:XAGUSD,74.974,75.1625,74.896,75.05,5966.0
2026-06-02 00:00:00,OANDA:XAGUSD,75.057,75.322,74.815,74.9375,10314.0
2026-06-02 01:00:00,OANDA:XAGUSD,74.9355,75.922,74.48095,74.836,29262.0
2026-06-02 02:00:00,OANDA:XAGUSD,74.835,75.34535,74.818,75.3035,13745.0
2026-06-02 03:00:00,OANDA:XAGUSD,75.3055,75.5325,75.1535,75.281,14253.0
2026-06-02 04:00:00,OANDA:XAGUSD,75.2795,75.9175,75.254,75.774,8505.0
2026-06-02 05:00:00,OANDA:XAGUSD,75.7755,76.9105,75.749,76.4265,18953.0
2026-06-02 06:00:00,OANDA:XAGUSD,76.4265,76.814,76.38385,76.7645,22012.0
2026-06-02 07:00:00,OANDA:XAGUSD,76.7615,76.9385,76.5805,76.929,14197.0
2026-06-02 08:00:00,OANDA:XAGUSD,76.9285,77.01315,76.38805,76.4335,11128.0
2026-06-02 09:00:00,OANDA:XAGUSD,76.4345,76.56695,76.1738,76.265,12807.0
2026-06-02 10:00:00,OANDA:XAGUSD,76.2655,76.4205,76.1475,76.3905,9559.0
2026-06-02 11:00:00,OANDA:XAGUSD,76.3942,76.4665,76.216,76.3085,9399.0
2026-06-02 12:00:00,OANDA:XAGUSD,76.3055,76.68875,75.986,76.101,17517.0
2026-06-02 13:00:00,OANDA:XAGUSD,76.1015,76.55765,75.8005,75.8995,31322.0
2026-06-02 14:00:00,OANDA:XAGUSD,75.8985,75.9872,75.2625,75.718,27152.0
2026-06-02 15:00:00,OANDA:XAGUSD,75.7175,76.042,75.701,75.778,16198.0
2026-06-02 16:00:00,OANDA:XAGUSD,75.7795,75.812,75.314,75.4265,12175.0
2026-06-02 17:00:00,OANDA:XAGUSD,75.428,75.5145,75.0265,75.113,12784.0
2026-06-02 18:00:00,OANDA:XAGUSD,75.133,75.2775,74.7645,75.145,9271.0
2026-06-02 19:00:00,OANDA:XAGUSD,75.146,75.2405,74.999,75.178,10953.0
2026-06-02 20:00:00,OANDA:XAGUSD,75.177,75.277,75.0995,75.1255,3942.0
2026-06-02 22:00:00,OANDA:XAGUSD,75.1655,75.2955,74.951,74.9625,7592.0
2026-06-02 23:00:00,OANDA:XAGUSD,74.966,75.013,74.306,74.8265,17116.0
2026-06-03 00:00:00,OANDA:XAGUSD,74.826,75.3355,74.737,75.1565,13176.0
2026-06-03 01:00:00,OANDA:XAGUSD,75.1551,75.2305,74.06515,74.7535,25523.0
2026-06-03 02:00:00,OANDA:XAGUSD,74.7545,75.02915,74.5475,74.96755,18100.0
2026-06-03 03:00:00,OANDA:XAGUSD,74.9679,75.245,74.9556,75.181,13434.0
2026-06-03 04:00:00,OANDA:XAGUSD,75.182,75.247,74.7,74.7005,8496.0
2026-06-03 05:00:00,OANDA:XAGUSD,74.707,74.9095,74.3825,74.4115,16249.0
2026-06-03 06:00:00,OANDA:XAGUSD,74.413,74.7175,74.021,74.366,23445.0
2026-06-03 07:00:00,OANDA:XAGUSD,74.372,74.5875,74.055,74.075,14896.0
2026-06-03 08:00:00,OANDA:XAGUSD,74.07785,74.4065,74.005,74.108,12343.0
2026-06-03 09:00:00,OANDA:XAGUSD,74.104,74.4815,73.9755,74.00565,13484.0
2026-06-03 10:00:00,OANDA:XAGUSD,74.005,74.8335,73.967,74.346,20061.0
2026-06-03 11:00:00,OANDA:XAGUSD,74.3465,74.5705,74.284,74.5265,11670.0
2026-06-03 12:00:00,OANDA:XAGUSD,74.538,74.5845,73.9285,74.2013,23211.0
2026-06-03 13:00:00,OANDA:XAGUSD,74.20025,74.4989,73.1725,73.80925,35264.0
2026-06-03 14:00:00,OANDA:XAGUSD,73.7972,74.0015,73.5202,73.932,31797.0
2026-06-03 15:00:00,OANDA:XAGUSD,73.934,73.9895,73.2025,73.3975,23744.0
2026-06-03 16:00:00,OANDA:XAGUSD,73.3995,73.525,73.1185,73.446,17185.0
2026-06-03 17:00:00,OANDA:XAGUSD,73.4465,73.68155,73.162,73.272,16725.0
2026-06-03 18:00:00,OANDA:XAGUSD,73.2715,73.375,73.1155,73.239,10066.0
2026-06-03 19:00:00,OANDA:XAGUSD,73.2375,73.4815,73.1745,73.2005,11988.0
2026-06-03 20:00:00,OANDA:XAGUSD,73.2005,73.219,72.6185,72.7355,7688.0
2026-06-03 22:00:00,OANDA:XAGUSD,72.7405,73.2745,72.457,73.1595,10826.0
2026-06-03 23:00:00,OANDA:XAGUSD,73.16,73.415,73.015,73.209,9411.0
2026-06-04 00:00:00,OANDA:XAGUSD,73.2095,73.382,73.0185,73.2755,16505.0
2026-06-04 01:00:00,OANDA:XAGUSD,73.2715,73.832,72.7795,73.1115,26315.0
2026-06-04 02:00:00,OANDA:XAGUSD,73.116,73.7,72.9555,73.5984,18686.0
2026-06-04 03:00:00,OANDA:XAGUSD,73.5965,73.716,73.23805,73.478,6405.0
2026-06-04 04:00:00,OANDA:XAGUSD,73.477,73.9105,73.4235,73.7225,7182.0
2026-06-04 05:00:00,OANDA:XAGUSD,73.725,73.725,73.1113,73.2075,11969.0
2026-06-04 06:00:00,OANDA:XAGUSD,73.207,73.5133,72.9005,73.1605,20038.0
2026-06-04 07:00:00,OANDA:XAGUSD,73.16025,73.2925,72.9799,73.20725,13291.0
2026-06-04 08:00:00,OANDA:XAGUSD,73.201,73.516,73.129,73.2885,17674.0
2026-06-04 09:00:00,OANDA:XAGUSD,73.2865,73.666,73.2055,73.515,15689.0
2026-06-04 10:00:00,OANDA:XAGUSD,73.5085,73.5787,73.332,73.454,13333.0
2026-06-04 11:00:00,OANDA:XAGUSD,73.4595,74.679,73.383,74.62375,18795.0
2026-06-04 12:00:00,OANDA:XAGUSD,74.6225,74.7,74.064,74.54795,20513.0
2026-06-04 13:00:00,OANDA:XAGUSD,74.548,75.0703,74.33075,74.33175,37459.0
2026-06-04 14:00:00,OANDA:XAGUSD,74.33485,74.4605,73.1975,73.49695,34261.0
2026-06-04 15:00:00,OANDA:XAGUSD,73.4967,73.8985,73.452,73.8695,20212.0
2026-06-04 16:00:00,OANDA:XAGUSD,73.868,73.996,73.7885,73.8625,18329.0
2026-06-04 17:00:00,OANDA:XAGUSD,73.8575,74.0865,73.631,73.9185,15716.0
2026-06-04 18:00:00,OANDA:XAGUSD,73.9185,74.122,73.8255,73.9865,10492.0
2026-06-04 19:00:00,OANDA:XAGUSD,73.9865,74.147,73.9075,74.074,9014.0
2026-06-04 20:00:00,OANDA:XAGUSD,74.0655,74.0835,73.875,73.8925,5544.0
2026-06-04 22:00:00,OANDA:XAGUSD,73.9055,74.05475,73.8742,73.9065,6379.0
2026-06-04 23:00:00,OANDA:XAGUSD,73.907,74.1345,73.781,73.801,7502.0
2026-06-05 00:00:00,OANDA:XAGUSD,73.8035,73.805,73.276,73.276,15953.0
2026-06-05 01:00:00,OANDA:XAGUSD,73.2755,73.317,72.5215,72.6475,32481.0
2026-06-05 02:00:00,OANDA:XAGUSD,72.6455,72.9705,72.376,72.575,21718.0
2026-06-05 03:00:00,OANDA:XAGUSD,72.576,72.754,72.3515,72.709,18095.0
2026-06-05 04:00:00,OANDA:XAGUSD,72.7125,72.8425,72.528,72.8255,8034.0
2026-06-05 05:00:00,OANDA:XAGUSD,72.8235,72.8685,72.1825,72.25,20712.0
2026-06-05 06:00:00,OANDA:XAGUSD,72.2465,72.6215,71.2676,72.5825,28401.0
2026-06-05 07:00:00,OANDA:XAGUSD,72.582,72.7407,72.4415,72.625,17234.0
2026-06-05 08:00:00,OANDA:XAGUSD,72.617,72.7955,72.427,72.5725,14223.0
2026-06-05 09:00:00,OANDA:XAGUSD,72.572,72.947,72.4935,72.78,16503.0
2026-06-05 10:00:00,OANDA:XAGUSD,72.7805,72.91,72.6785,72.856,8938.0
2026-06-05 11:00:00,OANDA:XAGUSD,72.8555,73.0275,72.4538,72.98545,14444.0
2026-06-05 12:00:00,OANDA:XAGUSD,72.981,73.494,71.37115,71.4735,29507.0
2026-06-05 13:00:00,OANDA:XAGUSD,71.47995,71.49195,69.5827,69.611,46968.0
2026-06-05 14:00:00,OANDA:XAGUSD,69.6125,69.9305,68.7705,69.397,48024.0
2026-06-05 15:00:00,OANDA:XAGUSD,69.4115,69.4715,68.45575,68.7402,37840.0
2026-06-05 16:00:00,OANDA:XAGUSD,68.73995,69.2365,68.4615,69.2045,35020.0
2026-06-05 17:00:00,OANDA:XAGUSD,69.2071,69.306,68.7651,68.9085,28630.0
2026-06-05 18:00:00,OANDA:XAGUSD,68.9105,68.9365,68.0025,68.27,32530.0
2026-06-05 19:00:00,OANDA:XAGUSD,68.2705,68.2955,67.828,68.04265,36650.0
2026-06-05 20:00:00,OANDA:XAGUSD,68.0321,68.063,67.5705,67.7525,18347.0
2026-06-07 22:00:00,OANDA:XAGUSD,67.79165,67.8055,66.9682,67.332,21365.0
2026-06-07 23:00:00,OANDA:XAGUSD,67.3385,68.249,67.336,68.209,15932.0
2026-06-08 00:00:00,OANDA:XAGUSD,68.215,68.49,68.0165,68.3425,17627.0
2026-06-08 01:00:00,OANDA:XAGUSD,68.342,68.478,66.939,67.8325,43464.0
2026-06-08 02:00:00,OANDA:XAGUSD,67.839,68.048,67.405,67.54075,25319.0
2026-06-08 03:00:00,OANDA:XAGUSD,67.5427,67.863,67.2685,67.863,16722.0
2026-06-08 04:00:00,OANDA:XAGUSD,67.871,68.041,67.6365,67.7815,14798.0
2026-06-08 05:00:00,OANDA:XAGUSD,67.784,67.8885,66.1635,66.6125,25331.0
2026-06-08 06:00:00,OANDA:XAGUSD,66.6119,67.35245,66.5987,67.088,25277.0
2026-06-08 07:00:00,OANDA:XAGUSD,67.08505,67.5389,66.8335,66.908,25079.0
2026-06-08 08:00:00,OANDA:XAGUSD,66.9055,67.08965,66.746,67.0175,23697.0
2026-06-08 09:00:00,OANDA:XAGUSD,67.02,67.3099,66.5705,67.021,22617.0
2026-06-08 10:00:00,OANDA:XAGUSD,67.0235,67.43585,66.75855,67.129,18472.0
2026-06-08 11:00:00,OANDA:XAGUSD,67.1282,68.55,67.037,68.4495,27258.0
2026-06-08 12:00:00,OANDA:XAGUSD,68.449,68.9312,68.0935,68.881,24702.0
2026-06-08 13:00:00,OANDA:XAGUSD,68.8805,68.9424,67.923,67.9465,40072.0
2026-06-08 14:00:00,OANDA:XAGUSD,67.9435,68.4609,67.7055,68.437,39302.0
2026-06-08 15:00:00,OANDA:XAGUSD,68.4375,68.88205,68.23205,68.683,32341.0
2026-06-08 16:00:00,OANDA:XAGUSD,68.682,68.8145,68.568,68.622,23846.0
2026-06-08 17:00:00,OANDA:XAGUSD,68.6225,68.667,68.212,68.4275,24993.0
2026-06-08 18:00:00,OANDA:XAGUSD,68.4325,68.646,68.2465,68.2885,17411.0
2026-06-08 19:00:00,OANDA:XAGUSD,68.2895,68.4205,68.038,68.0885,19403.0
2026-06-08 20:00:00,OANDA:XAGUSD,68.09095,68.2145,67.9793,68.18545,5855.0
2026-06-08 22:00:00,OANDA:XAGUSD,68.0972,68.1791,68.04215,68.1435,6313.0
2026-06-08 23:00:00,OANDA:XAGUSD,68.1495,68.1575,67.806,67.8585,7550.0
2026-06-09 00:00:00,OANDA:XAGUSD,67.8575,67.959,67.457,67.731,15441.0
2026-06-09 01:00:00,OANDA:XAGUSD,67.7295,68.2785,67.518,68.0405,27804.0
2026-06-09 02:00:00,OANDA:XAGUSD,68.0415,68.054,67.614,67.6425,18743.0
2026-06-09 03:00:00,OANDA:XAGUSD,67.64,68.0945,67.4891,67.986,13034.0
2026-06-09 04:00:00,OANDA:XAGUSD,67.985,68.0055,67.744,67.9065,9367.0
2026-06-09 05:00:00,OANDA:XAGUSD,67.9105,68.5985,67.8225,68.36,18064.0
2026-06-09 06:00:00,OANDA:XAGUSD,68.362,68.63565,68.268,68.29725,21321.0
2026-06-09 07:00:00,OANDA:XAGUSD,68.29365,68.51035,68.07675,68.347,20876.0
2026-06-09 08:00:00,OANDA:XAGUSD,68.341,68.8555,68.15875,68.412,19952.0
2026-06-09 09:00:00,OANDA:XAGUSD,68.41915,68.552,68.19845,68.377,13493.0
2026-06-09 10:00:00,OANDA:XAGUSD,68.368,68.617,68.168,68.5985,14485.0
2026-06-09 11:00:00,OANDA:XAGUSD,68.6,68.701,68.448,68.5655,13510.0
2026-06-09 12:00:00,OANDA:XAGUSD,68.57005,68.673,68.3275,68.6525,20265.0
2026-06-09 13:00:00,OANDA:XAGUSD,68.6642,69.0382,67.8475,68.0105,31934.0
2026-06-09 14:00:00,OANDA:XAGUSD,68.0045,68.1215,65.239,66.079,49315.0
2026-06-09 15:00:00,OANDA:XAGUSD,66.0805,66.303,65.1289,65.267,50298.0
2026-06-09 16:00:00,OANDA:XAGUSD,65.263,65.565,64.374,64.887,52286.0
2026-06-09 17:00:00,OANDA:XAGUSD,64.8835,65.352,64.858,65.1305,40162.0
2026-06-09 18:00:00,OANDA:XAGUSD,65.132,65.7325,65.0495,65.671,30352.0
2026-06-09 19:00:00,OANDA:XAGUSD,65.6705,65.792,64.994,65.242,34661.0
2026-06-09 20:00:00,OANDA:XAGUSD,65.236,65.432,65.171,65.34805,7303.0
2026-06-09 22:00:00,OANDA:XAGUSD,65.348,65.3637,64.8055,64.944,8132.0
2026-06-09 23:00:00,OANDA:XAGUSD,64.948,65.1595,64.6435,64.8935,12219.0
2026-06-10 00:00:00,OANDA:XAGUSD,64.8995,65.104,64.26885,64.666,26509.0
2026-06-10 01:00:00,OANDA:XAGUSD,64.664,65.0705,63.803,64.68,37981.0
2026-06-10 02:00:00,OANDA:XAGUSD,64.687,64.7779,63.716,63.793,27952.0
2026-06-10 03:00:00,OANDA:XAGUSD,63.7915,64.261,63.678,64.169,18960.0
2026-06-10 04:00:00,OANDA:XAGUSD,64.1625,64.2545,63.4595,63.5055,16094.0
2026-06-10 05:00:00,OANDA:XAGUSD,63.5105,64.7125,63.4355,64.579,29265.0
2026-06-10 06:00:00,OANDA:XAGUSD,64.5805,65.2928,64.54795,64.9555,28231.0
2026-06-10 07:00:00,OANDA:XAGUSD,64.9485,64.969,64.343,64.36625,20988.0
2026-06-10 08:00:00,OANDA:XAGUSD,64.36645,64.3739,63.55005,63.8155,28801.0
2026-06-10 09:00:00,OANDA:XAGUSD,63.814,64.2765,63.7155,64.0125,22797.0
2026-06-10 10:00:00,OANDA:XAGUSD,64.013,64.5355,63.8875,64.467,21103.0
2026-06-10 11:00:00,OANDA:XAGUSD,64.4665,64.5135,63.74295,63.781,33923.0
2026-06-10 12:00:00,OANDA:XAGUSD,63.775,65.07205,63.37155,64.266,44001.0
2026-06-10 13:00:00,OANDA:XAGUSD,64.268,65.7586,64.0675,65.607,48489.0
2026-06-10 14:00:00,OANDA:XAGUSD,65.6065,65.69,64.373,64.5515,43181.0
2026-06-10 15:00:00,OANDA:XAGUSD,64.5535,65.1045,64.249,64.934,46349.0
2026-06-10 16:00:00,OANDA:XAGUSD,64.9415,65.199,64.7085,64.958,37445.0
2026-06-10 17:00:00,OANDA:XAGUSD,64.955,65.202,64.4585,64.872,37356.0
2026-06-10 18:00:00,OANDA:XAGUSD,64.8755,65.192,64.487,64.6375,29123.0
2026-06-10 19:00:00,OANDA:XAGUSD,64.6395,64.6495,63.721,63.7655,33231.0
2026-06-10 20:00:00,OANDA:XAGUSD,63.765,63.76915,63.31535,63.43235,12667.0
2026-06-10 22:00:00,OANDA:XAGUSD,62.8967,63.389,62.416,62.651,17857.0
2026-06-10 23:00:00,OANDA:XAGUSD,62.652,62.8441,61.505,62.1755,31648.0
2026-06-11 00:00:00,OANDA:XAGUSD,62.1815,63.7243,62.0185,63.575,37758.0
2026-06-11 01:00:00,OANDA:XAGUSD,63.5745,64.51,63.2745,64.047,41771.0
2026-06-11 02:00:00,OANDA:XAGUSD,64.049,64.0645,62.908,63.282,34892.0
2026-06-11 03:00:00,OANDA:XAGUSD,63.2825,63.6635,62.9675,63.572,21831.0
2026-06-11 04:00:00,OANDA:XAGUSD,63.5725,64.157,63.4485,63.988,15478.0
2026-06-11 05:00:00,OANDA:XAGUSD,63.9885,64.36195,63.5865,63.9235,26062.0
2026-06-11 06:00:00,OANDA:XAGUSD,63.923,64.14865,63.5375,64.06625,26747.0
2026-06-11 07:00:00,OANDA:XAGUSD,64.06655,64.517,63.92475,64.424,21476.0
2026-06-11 08:00:00,OANDA:XAGUSD,64.41,64.68265,64.19,64.2735,19665.0
2026-06-11 09:00:00,OANDA:XAGUSD,64.2711,64.317,63.965,64.084,16421.0
2026-06-11 10:00:00,OANDA:XAGUSD,64.0815,64.1953,63.8605,63.9285,13742.0
2026-06-11 11:00:00,OANDA:XAGUSD,63.924,64.044,63.4735,63.7505,17891.0
2026-06-11 12:00:00,OANDA:XAGUSD,63.748,63.8965,62.7893,63.447,35409.0
2026-06-11 13:00:00,OANDA:XAGUSD,63.448,64.2805,63.3725,64.0385,43264.0
2026-06-11 14:00:00,OANDA:XAGUSD,64.04,64.26,63.4835,63.93085,45171.0
2026-06-11 15:00:00,OANDA:XAGUSD,63.924,64.312,63.739,64.0125,37643.0
2026-06-11 16:00:00,OANDA:XAGUSD,64.0145,64.6215,63.7505,63.8375,30412.0
2026-06-11 17:00:00,OANDA:XAGUSD,63.841,66.59155,63.6445,65.896,45635.0
2026-06-11 18:00:00,OANDA:XAGUSD,65.8965,66.36,65.317,66.132,40963.0
2026-06-11 19:00:00,OANDA:XAGUSD,66.1351,67.5609,66.13485,67.2825,40231.0
2026-06-11 20:00:00,OANDA:XAGUSD,67.2935,67.45105,67.105,67.346,9686.0
2026-06-11 22:00:00,OANDA:XAGUSD,67.33,67.968,67.264,67.8645,11164.0
2026-06-11 23:00:00,OANDA:XAGUSD,67.8675,67.9145,67.3685,67.5115,14138.0
2026-06-12 00:00:00,OANDA:XAGUSD,67.5105,67.8005,67.182,67.346,22716.0
2026-06-12 01:00:00,OANDA:XAGUSD,67.352,67.42835,66.4765,66.913,26544.0
2026-06-12 02:00:00,OANDA:XAGUSD,66.907,67.191,66.732,67.1175,17526.0
2026-06-12 03:00:00,OANDA:XAGUSD,67.1165,67.5488,67.0455,67.153,15452.0
2026-06-12 04:00:00,OANDA:XAGUSD,67.151,67.2075,66.927,66.9505,8208.0
2026-06-12 05:00:00,OANDA:XAGUSD,66.947,67.014,66.4935,66.5615,20077.0
2026-06-12 06:00:00,OANDA:XAGUSD,66.5645,66.913,66.3905,66.6655,19733.0
2026-06-12 07:00:00,OANDA:XAGUSD,66.66415,66.683,65.896,66.3529,18500.0
2026-06-12 08:00:00,OANDA:XAGUSD,66.3645,67.3471,66.27245,66.9155,34202.0
2026-06-12 09:00:00,OANDA:XAGUSD,66.9175,67.563,66.89235,67.2415,23697.0
2026-06-12 10:00:00,OANDA:XAGUSD,67.244,67.3325,66.716,67.0423,22650.0
2026-06-12 11:00:00,OANDA:XAGUSD,67.043,67.4315,66.829,67.18,21573.0
2026-06-12 12:00:00,OANDA:XAGUSD,67.174,67.21535,66.43875,66.49925,26896.0
2026-06-12 13:00:00,OANDA:XAGUSD,66.496,67.04495,66.2045,66.26,41815.0
2026-06-12 14:00:00,OANDA:XAGUSD,66.2785,67.11155,66.2056,67.0275,46139.0
2026-06-12 15:00:00,OANDA:XAGUSD,67.0305,68.055,66.872,67.482,40587.0
2026-06-12 16:00:00,OANDA:XAGUSD,67.478,68.0791,67.334,67.7405,41334.0
2026-06-12 17:00:00,OANDA:XAGUSD,67.7425,68.1755,67.64245,68.043,28276.0
2026-06-12 18:00:00,OANDA:XAGUSD,68.0465,68.36,67.8925,67.917,20587.0
2026-06-12 19:00:00,OANDA:XAGUSD,67.914,68.052,67.6095,67.78335,20196.0
2026-06-12 20:00:00,OANDA:XAGUSD,67.783,68.07,67.7615,68.036,6123.0
2026-06-14 22:00:00,OANDA:XAGUSD,69.4595,70.2385,69.3795,70.0095,17718.0
2026-06-14 23:00:00,OANDA:XAGUSD,70.012,70.362,69.7759,70.325,10582.0
2026-06-15 00:00:00,OANDA:XAGUSD,70.318,70.5585,69.953,70.056,17915.0
2026-06-15 01:00:00,OANDA:XAGUSD,70.0595,70.528,69.8785,70.234,28130.0
2026-06-15 02:00:00,OANDA:XAGUSD,70.23,70.8115,70.2095,70.5875,18344.0
2026-06-15 03:00:00,OANDA:XAGUSD,70.5855,70.6115,70.246,70.363,12234.0
2026-06-15 04:00:00,OANDA:XAGUSD,70.3635,70.532,70.254,70.503,7177.0
2026-06-15 05:00:00,OANDA:XAGUSD,70.5035,70.57805,69.902,70.028,14427.0
2026-06-15 06:00:00,OANDA:XAGUSD,70.0225,70.2647,69.93055,70.1185,17867.0
2026-06-15 07:00:00,OANDA:XAGUSD,70.137,70.4111,69.99115,70.257,16469.0
2026-06-15 08:00:00,OANDA:XAGUSD,70.2505,70.7177,70.2125,70.504,14086.0
2026-06-15 09:00:00,OANDA:XAGUSD,70.5035,70.8145,70.5035,70.724,10714.0
2026-06-15 10:00:00,OANDA:XAGUSD,70.7195,70.85905,70.647,70.71,10002.0
2026-06-15 11:00:00,OANDA:XAGUSD,70.713,71.0395,70.632,70.78,13146.0
2026-06-15 12:00:00,OANDA:XAGUSD,70.777,71.2205,70.6333,71.191,17885.0
2026-06-15 13:00:00,OANDA:XAGUSD,71.19025,71.3265,70.757,71.066,28522.0
2026-06-15 14:00:00,OANDA:XAGUSD,71.061,71.295,70.6675,70.725,28045.0
2026-06-15 15:00:00,OANDA:XAGUSD,70.724,70.8555,70.403,70.675,17356.0
2026-06-15 16:00:00,OANDA:XAGUSD,70.671,70.7305,70.167,70.3235,14888.0
2026-06-15 17:00:00,OANDA:XAGUSD,70.322,70.322,69.971,70.134,16424.0
2026-06-15 18:00:00,OANDA:XAGUSD,70.1335,70.2685,69.9325,70.2065,9877.0
2026-06-15 19:00:00,OANDA:XAGUSD,70.208,70.2235,69.9815,70.1961,12587.0
2026-06-15 20:00:00,OANDA:XAGUSD,70.196,70.237,69.91,69.971,5114.0
2026-06-15 22:00:00,OANDA:XAGUSD,70.0454,70.0855,69.824,69.932,4084.0
2026-06-15 23:00:00,OANDA:XAGUSD,69.9285,70.0255,69.8315,69.9425,4919.0
2026-06-16 00:00:00,OANDA:XAGUSD,69.942,69.9715,69.666,69.8535,9895.0
2026-06-16 01:00:00,OANDA:XAGUSD,69.853,69.9865,69.2705,69.3605,20346.0
2026-06-16 02:00:00,OANDA:XAGUSD,69.3605,69.6175,69.0705,69.5195,12285.0
2026-06-16 03:00:00,OANDA:XAGUSD,69.515,69.9085,69.4665,69.8435,9539.0
2026-06-16 04:00:00,OANDA:XAGUSD,69.843,69.8815,69.6785,69.7235,8339.0
2026-06-16 05:00:00,OANDA:XAGUSD,69.727,69.9616,69.2575,69.333,14515.0
2026-06-16 06:00:00,OANDA:XAGUSD,69.3325,69.755,69.281,69.72995,19973.0
2026-06-16 07:00:00,OANDA:XAGUSD,69.7295,70.143,69.7035,70.13105,14679.0
2026-06-16 08:00:00,OANDA:XAGUSD,70.1295,70.5935,69.997,70.566,15053.0
2026-06-16 09:00:00,OANDA:XAGUSD,70.5705,70.672,70.4375,70.4445,12926.0
2026-06-16 10:00:00,OANDA:XAGUSD,70.445,70.616,70.39195,70.5375,10465.0
2026-06-16 11:00:00,OANDA:XAGUSD,70.5395,70.558,70.2425,70.551,11302.0
2026-06-16 12:00:00,OANDA:XAGUSD,70.552,71.19195,70.373,71.156,18275.0
2026-06-16 13:00:00,OANDA:XAGUSD,71.1565,71.206,70.1395,70.1895,30883.0
2026-06-16 14:00:00,OANDA:XAGUSD,70.1925,70.414,69.4105,69.789,34843.0
2026-06-16 15:00:00,OANDA:XAGUSD,69.784,70.30895,69.621,70.0685,33289.0
2026-06-16 16:00:00,OANDA:XAGUSD,70.068,70.3455,70.0525,70.1135,19108.0
2026-06-16 17:00:00,OANDA:XAGUSD,70.1105,70.25,69.759,70.233,18861.0
2026-06-16 18:00:00,OANDA:XAGUSD,70.237,70.442,70.195,70.3065,16392.0
2026-06-16 19:00:00,OANDA:XAGUSD,70.301,70.4025,70.0285,70.1145,17846.0
2026-06-16 20:00:00,OANDA:XAGUSD,70.1074,70.118,69.98,70.0205,5038.0
2026-06-16 22:00:00,OANDA:XAGUSD,70.00855,70.1545,69.9635,70.152,2916.0
2026-06-16 23:00:00,OANDA:XAGUSD,70.1483,70.2,69.8225,69.905,2660.0
2026-06-17 00:00:00,OANDA:XAGUSD,69.9195,70.333,69.8945,70.2045,10134.0
2026-06-17 01:00:00,OANDA:XAGUSD,70.19,70.5305,70.03975,70.4735,20445.0
2026-06-17 02:00:00,OANDA:XAGUSD,70.4795,70.531,70.0885,70.1775,13613.0
2026-06-17 03:00:00,OANDA:XAGUSD,70.1745,70.275,70.0195,70.158,10404.0
2026-06-17 04:00:00,OANDA:XAGUSD,70.1585,70.167,69.854,70.1125,8031.0
2026-06-17 05:00:00,OANDA:XAGUSD,70.1075,70.4575,69.885,70.3475,13625.0
2026-06-17 06:00:00,OANDA:XAGUSD,70.37645,70.435,70.147,70.319,15792.0
2026-06-17 07:00:00,OANDA:XAGUSD,70.3185,70.4045,69.95265,69.9635,12626.0
2026-06-17 08:00:00,OANDA:XAGUSD,69.95875,70.076,69.4955,69.73505,15072.0
2026-06-17 09:00:00,OANDA:XAGUSD,69.73275,70.1095,69.6295,69.944,12542.0
2026-06-17 10:00:00,OANDA:XAGUSD,69.943,70.088,69.8415,69.9675,10441.0
2026-06-17 11:00:00,OANDA:XAGUSD,69.9765,69.9885,69.635,69.7635,11865.0
2026-06-17 12:00:00,OANDA:XAGUSD,69.7605,69.992,69.6559,69.959,13712.0
2026-06-17 13:00:00,OANDA:XAGUSD,69.957,70.457,69.548,70.131,28945.0
2026-06-17 14:00:00,OANDA:XAGUSD,70.126,70.894,69.98,70.3084,33819.0
2026-06-17 15:00:00,OANDA:XAGUSD,70.306,70.792,70.211,70.7515,24160.0
2026-06-17 16:00:00,OANDA:XAGUSD,70.7485,70.8205,70.46,70.6065,14372.0
2026-06-17 17:00:00,OANDA:XAGUSD,70.607,71.5641,70.5175,71.318,21198.0
2026-06-17 18:00:00,OANDA:XAGUSD,71.2519,71.2519,68.6675,69.1645,60031.0
2026-06-17 19:00:00,OANDA:XAGUSD,69.1535,69.3445,66.7988,67.0515,56618.0
2026-06-17 20:00:00,OANDA:XAGUSD,67.041,68.16,67.0215,67.93595,20209.0
2026-06-17 22:00:00,OANDA:XAGUSD,67.89515,68.13305,67.8795,67.996,7668.0
2026-06-17 23:00:00,OANDA:XAGUSD,67.9945,68.414,67.939,68.4025,11834.0
2026-06-18 00:00:00,OANDA:XAGUSD,68.405,69.377,68.382,69.122,21470.0
2026-06-18 01:00:00,OANDA:XAGUSD,69.1215,69.8545,69.03995,69.363,26104.0
2026-06-18 02:00:00,OANDA:XAGUSD,69.364,69.731,68.857,68.878,21587.0
2026-06-18 03:00:00,OANDA:XAGUSD,68.8775,69.288,68.756,69.267,15266.0
2026-06-18 04:00:00,OANDA:XAGUSD,69.2675,69.339,68.809,69.019,9171.0
2026-06-18 05:00:00,OANDA:XAGUSD,69.0195,69.3,68.497,68.842,18278.0
2026-06-18 06:00:00,OANDA:XAGUSD,68.8425,68.997,68.5745,68.8953,25004.0
2026-06-18 07:00:00,OANDA:XAGUSD,68.88395,69.031,68.489,68.5105,15767.0
2026-06-18 08:00:00,OANDA:XAGUSD,68.517,68.588,68.0821,68.092,18951.0
2026-06-18 09:00:00,OANDA:XAGUSD,68.0914,68.514,67.98215,68.455,16610.0
2026-06-18 10:00:00,OANDA:XAGUSD,68.45,68.553,67.7461,67.8005,15139.0
2026-06-18 11:00:00,OANDA:XAGUSD,67.80615,67.82235,66.5755,66.815,22687.0
2026-06-18 12:00:00,OANDA:XAGUSD,66.8155,67.3545,66.332,66.461,26288.0
2026-06-18 13:00:00,OANDA:XAGUSD,66.459,67.5714,66.44515,66.94365,34403.0
2026-06-18 14:00:00,OANDA:XAGUSD,66.94215,67.007,66.051,66.466,37974.0
2026-06-18 15:00:00,OANDA:XAGUSD,66.47,66.5435,65.9135,66.077,34597.0
2026-06-18 16:00:00,OANDA:XAGUSD,66.081,66.276,65.87875,66.1245,25205.0
2026-06-18 17:00:00,OANDA:XAGUSD,66.134,66.379,65.768,66.1305,19938.0
2026-06-18 18:00:00,OANDA:XAGUSD,66.131,66.198,65.8175,65.843,17989.0
2026-06-18 19:00:00,OANDA:XAGUSD,65.8435,65.8835,65.071,65.791,26391.0
2026-06-18 20:00:00,OANDA:XAGUSD,65.781,65.972,65.6766,65.7185,7397.0
2026-06-18 22:00:00,OANDA:XAGUSD,65.6611,65.7575,65.5135,65.677,5731.0
2026-06-18 23:00:00,OANDA:XAGUSD,65.6775,65.6965,65.24045,65.281,10927.0
2026-06-19 00:00:00,OANDA:XAGUSD,65.283,65.51,65.0465,65.327,16860.0
2026-06-19 01:00:00,OANDA:XAGUSD,65.3275,65.406,64.9485,65.018,14757.0
2026-06-19 02:00:00,OANDA:XAGUSD,65.011,65.054,64.4395,64.5545,12792.0
2026-06-19 03:00:00,OANDA:XAGUSD,64.557,64.589,64.009,64.1145,17584.0
2026-06-19 04:00:00,OANDA:XAGUSD,64.113,64.187,63.4632,63.502,20246.0
2026-06-19 05:00:00,OANDA:XAGUSD,63.5157,63.936,63.287,63.9215,20062.0
2026-06-19 06:00:00,OANDA:XAGUSD,63.921,64.463,63.762,64.40145,17822.0
2026-06-19 07:00:00,OANDA:XAGUSD,64.3991,64.979,64.3991,64.825,15859.0
2026-06-19 08:00:00,OANDA:XAGUSD,64.8255,65.3835,64.721,65.2205,16673.0
2026-06-19 09:00:00,OANDA:XAGUSD,65.221,65.2755,64.949,65.1045,11601.0
2026-06-19 10:00:00,OANDA:XAGUSD,65.104,65.14295,64.7865,64.847,14724.0
2026-06-19 11:00:00,OANDA:XAGUSD,64.836,64.848,64.357,64.771,12742.0
2026-06-19 12:00:00,OANDA:XAGUSD,64.7705,65.377,64.5416,65.352,17250.0
2026-06-19 13:00:00,OANDA:XAGUSD,65.351,65.39,64.6865,64.706,18531.0
2026-06-19 14:00:00,OANDA:XAGUSD,64.707,64.74,64.1925,64.5495,14005.0
2026-06-19 15:00:00,OANDA:XAGUSD,64.5485,64.709,64.466,64.5325,16166.0
2026-06-19 16:00:00,OANDA:XAGUSD,64.532,64.93045,64.351,64.881,12210.0
2026-06-21 22:00:00,OANDA:XAGUSD,64.57575,64.865,64.2915,64.795,8239.0
2026-06-21 23:00:00,OANDA:XAGUSD,64.7945,65.0485,64.2445,64.4025,11118.0
2026-06-22 00:00:00,OANDA:XAGUSD,64.406,66.325,64.4035,66.31805,17494.0
2026-06-22 01:00:00,OANDA:XAGUSD,66.31695,67.1685,65.807,65.8835,28309.0
2026-06-22 02:00:00,OANDA:XAGUSD,65.8885,66.2055,65.5415,65.6985,16566.0
2026-06-22 03:00:00,OANDA:XAGUSD,65.7,65.779,65.4345,65.507,10628.0
2026-06-22 04:00:00,OANDA:XAGUSD,65.511,65.7145,65.4515,65.529,6987.0
2026-06-22 05:00:00,OANDA:XAGUSD,65.53,66.5695,65.4695,66.4035,12417.0
2026-06-22 06:00:00,OANDA:XAGUSD,66.405,66.826,66.3405,66.61875,16686.0
2026-06-22 07:00:00,OANDA:XAGUSD,66.61815,66.7128,66.1815,66.2135,12226.0
2026-06-22 08:00:00,OANDA:XAGUSD,66.214,66.2725,65.743,66.183,13146.0
2026-06-22 09:00:00,OANDA:XAGUSD,66.18,66.554,66.108,66.388,10427.0
2026-06-22 10:00:00,OANDA:XAGUSD,66.386,66.606,66.338,66.38,9689.0
2026-06-22 11:00:00,OANDA:XAGUSD,66.3795,66.7425,66.208,66.4655,10861.0
2026-06-22 12:00:00,OANDA:XAGUSD,66.4685,66.58645,66.1695,66.226,15821.0
2026-06-22 13:00:00,OANDA:XAGUSD,66.2365,66.8855,66.1875,66.529,30644.0
2026-06-22 14:00:00,OANDA:XAGUSD,66.53,66.73235,65.8375,66.0545,35194.0
2026-06-22 15:00:00,OANDA:XAGUSD,66.0585,66.134,65.128,65.4635,28748.0
2026-06-22 16:00:00,OANDA:XAGUSD,65.4625,65.733,65.238,65.6235,15535.0
2026-06-22 17:00:00,OANDA:XAGUSD,65.628,65.6385,64.982,65.2724,12136.0
2026-06-22 18:00:00,OANDA:XAGUSD,65.27315,65.495,65.2645,65.44,12631.0
2026-06-22 19:00:00,OANDA:XAGUSD,65.442,65.4915,64.996,65.158,13198.0
2026-06-22 20:00:00,OANDA:XAGUSD,65.1595,65.2245,65.0855,65.095,3325.0
2026-06-22 22:00:00,OANDA:XAGUSD,65.12505,65.1695,64.8835,65.0275,5108.0
2026-06-22 23:00:00,OANDA:XAGUSD,65.027,65.138,64.8715,64.9145,3307.0
2026-06-23 00:00:00,OANDA:XAGUSD,64.91,65.0255,64.368,64.935,13057.0
2026-06-23 01:00:00,OANDA:XAGUSD,64.9315,65.1972,63.8045,64.0645,32940.0
2026-06-23 02:00:00,OANDA:XAGUSD,64.065,64.145,63.244,63.3205,23634.0
2026-06-23 03:00:00,OANDA:XAGUSD,63.3215,63.399,62.73215,63.193,21931.0
2026-06-23 04:00:00,OANDA:XAGUSD,63.198,63.246,62.524,62.59,10294.0
2026-06-23 05:00:00,OANDA:XAGUSD,62.5905,63.054,62.3906,62.5715,25962.0
2026-06-23 06:00:00,OANDA:XAGUSD,62.572,62.7913,62.191,62.25105,29892.0
2026-06-23 07:00:00,OANDA:XAGUSD,62.2495,62.682,61.81525,61.8965,22257.0
2026-06-23 08:00:00,OANDA:XAGUSD,61.9095,62.173,61.8049,62.1005,24229.0
2026-06-23 09:00:00,OANDA:XAGUSD,62.0995,62.5515,62.072,62.551,18175.0
2026-06-23 10:00:00,OANDA:XAGUSD,62.555,62.707,62.23,62.26065,12075.0
2026-06-23 11:00:00,OANDA:XAGUSD,62.2619,62.328,61.90575,62.0695,13765.0
2026-06-23 12:00:00,OANDA:XAGUSD,62.067,62.256,61.704,61.9055,18408.0
2026-06-23 13:00:00,OANDA:XAGUSD,61.9025,62.49865,61.6476,62.391,36433.0
2026-06-23 14:00:00,OANDA:XAGUSD,62.3885,62.4965,61.5101,62.055,35591.0
2026-06-23 15:00:00,OANDA:XAGUSD,62.062,62.32375,61.828,62.276,26125.0
2026-06-23 16:00:00,OANDA:XAGUSD,62.2855,62.3495,61.9895,62.052,13526.0
2026-06-23 17:00:00,OANDA:XAGUSD,62.05,62.215,61.8005,61.814,14756.0
2026-06-23 18:00:00,OANDA:XAGUSD,61.816,61.8945,61.3455,61.479,10395.0
2026-06-23 19:00:00,OANDA:XAGUSD,61.491,61.8045,61.4555,61.6215,16885.0
2026-06-23 20:00:00,OANDA:XAGUSD,61.623,61.685,61.4515,61.55995,5230.0
2026-06-23 22:00:00,OANDA:XAGUSD,61.641,61.775,61.4005,61.497,5967.0
2026-06-23 23:00:00,OANDA:XAGUSD,61.4965,61.678,60.819,61.662,13536.0
2026-06-24 00:00:00,OANDA:XAGUSD,61.6765,61.907,61.3,61.536,20495.0
2026-06-24 01:00:00,OANDA:XAGUSD,61.537,62.0255,60.7362,61.6925,28237.0
2026-06-24 02:00:00,OANDA:XAGUSD,61.6815,61.8365,61.0308,61.1595,19714.0
2026-06-24 03:00:00,OANDA:XAGUSD,61.1635,61.5959,61.012,61.358,16074.0
2026-06-24 04:00:00,OANDA:XAGUSD,61.359,61.3685,60.8775,61.1355,10612.0
2026-06-24 05:00:00,OANDA:XAGUSD,61.135,61.7785,61.0025,61.643,13677.0
2026-06-24 06:00:00,OANDA:XAGUSD,61.639,62.3845,61.6345,61.8615,17930.0
2026-06-24 07:00:00,OANDA:XAGUSD,61.8505,61.939,61.505,61.5356,9888.0
2026-06-24 08:00:00,OANDA:XAGUSD,61.53285,61.657,61.2425,61.2873,12931.0
2026-06-24 09:00:00,OANDA:XAGUSD,61.289,61.36445,61.0343,61.06975,12535.0
2026-06-24 10:00:00,OANDA:XAGUSD,61.0709,61.1091,60.564,60.618,11848.0
2026-06-24 11:00:00,OANDA:XAGUSD,60.6235,60.7085,59.381,59.431,18799.0
2026-06-24 12:00:00,OANDA:XAGUSD,59.423,59.5335,58.11895,58.173,30365.0
2026-06-24 13:00:00,OANDA:XAGUSD,58.173,59.614,58.0085,59.526,45896.0
2026-06-24 14:00:00,OANDA:XAGUSD,59.518,59.568,58.768,58.911,33565.0
2026-06-24 15:00:00,OANDA:XAGUSD,58.9225,59.1415,58.6585,58.712,25803.0
2026-06-24 16:00:00,OANDA:XAGUSD,58.7145,58.921,58.5065,58.593,19435.0
2026-06-24 17:00:00,OANDA:XAGUSD,58.599,58.658,56.5465,56.5625,35196.0
2026-06-24 18:00:00,OANDA:XAGUSD,56.5615,57.20575,55.5967,56.709,37290.0
2026-06-24 19:00:00,OANDA:XAGUSD,56.728,57.267,56.5,57.2245,22081.0
2026-06-24 20:00:00,OANDA:XAGUSD,57.2265,57.701,57.1115,57.441,12735.0
2026-06-24 22:00:00,OANDA:XAGUSD,57.6041,57.8,57.4565,57.502,7557.0
2026-06-24 23:00:00,OANDA:XAGUSD,57.5025,57.8975,57.3215,57.7165,8082.0
2026-06-25 00:00:00,OANDA:XAGUSD,57.72,57.859,57.0703,57.259,19953.0
2026-06-25 01:00:00,OANDA:XAGUSD,57.2535,57.822,56.7125,56.864,36022.0
2026-06-25 02:00:00,OANDA:XAGUSD,56.863,57.097,56.3525,56.9045,25525.0
2026-06-25 03:00:00,OANDA:XAGUSD,56.904,57.4875,56.524,57.4745,19042.0
2026-06-25 04:00:00,OANDA:XAGUSD,57.474,57.5885,57.205,57.56,10367.0
2026-06-25 05:00:00,OANDA:XAGUSD,57.5595,57.662,56.985,57.1205,18414.0
2026-06-25 06:00:00,OANDA:XAGUSD,57.119,57.2755,56.7108,56.807,20511.0
2026-06-25 07:00:00,OANDA:XAGUSD,56.8045,57.3,56.55,57.28435,17900.0
2026-06-25 08:00:00,OANDA:XAGUSD,57.28165,57.6995,57.2805,57.433,15689.0
2026-06-25 09:00:00,OANDA:XAGUSD,57.439,57.6745,57.354,57.472,12049.0
2026-06-25 10:00:00,OANDA:XAGUSD,57.467,57.522,57.235,57.3175,10142.0
2026-06-25 11:00:00,OANDA:XAGUSD,57.3275,57.431,56.9588,57.148,10728.0
2026-06-25 12:00:00,OANDA:XAGUSD,57.1556,58.3855,56.80685,58.1865,30281.0
2026-06-25 13:00:00,OANDA:XAGUSD,58.197,59.026,56.9775,57.0075,41907.0
2026-06-25 14:00:00,OANDA:XAGUSD,57.018,58.134,57.018,57.9255,43777.0
2026-06-25 15:00:00,OANDA:XAGUSD,57.9325,58.822,57.586,58.772,38833.0
2026-06-25 16:00:00,OANDA:XAGUSD,58.7745,58.8225,58.1698,58.287,25829.0
2026-06-25 17:00:00,OANDA:XAGUSD,58.2875,58.5125,58.064,58.3125,23430.0
2026-06-25 18:00:00,OANDA:XAGUSD,58.3165,58.4865,57.97025,58.1925,24226.0
2026-06-25 19:00:00,OANDA:XAGUSD,58.2005,58.245,57.687,57.887,24049.0
2026-06-25 20:00:00,OANDA:XAGUSD,57.8865,58.074,57.7835,57.864,8534.0
2026-06-25 22:00:00,OANDA:XAGUSD,57.83205,57.9505,57.58835,57.817,12783.0
2026-06-25 23:00:00,OANDA:XAGUSD,57.814,58.055,57.581,57.63,11279.0
2026-06-26 00:00:00,OANDA:XAGUSD,57.634,57.8925,57.36065,57.6555,16668.0
2026-06-26 01:00:00,OANDA:XAGUSD,57.656,58.0365,56.8705,57.159,27694.0
2026-06-26 02:00:00,OANDA:XAGUSD,57.1725,57.283,55.7035,56.001,25709.0
2026-06-26 03:00:00,OANDA:XAGUSD,56.003,56.6945,55.904,56.603,17843.0
2026-06-26 04:00:00,OANDA:XAGUSD,56.604,56.718,56.314,56.4205,10747.0
2026-06-26 05:00:00,OANDA:XAGUSD,56.4185,56.9135,56.258,56.6175,17368.0
2026-06-26 06:00:00,OANDA:XAGUSD,56.618,58.3504,56.3975,58.27315,28757.0
2026-06-26 07:00:00,OANDA:XAGUSD,58.2622,58.2675,57.7945,57.869,12890.0
2026-06-26 08:00:00,OANDA:XAGUSD,57.867,57.9825,57.6465,57.7005,13624.0
2026-06-26 09:00:00,OANDA:XAGUSD,57.70085,58.432,57.6422,58.217,17278.0
2026-06-26 10:00:00,OANDA:XAGUSD,58.213,58.4976,58.05305,58.49,11697.0
2026-06-26 11:00:00,OANDA:XAGUSD,58.494,58.5165,58.0625,58.17,9468.0
2026-06-26 12:00:00,OANDA:XAGUSD,58.1705,58.9625,58.021,58.8915,18350.0
2026-06-26 13:00:00,OANDA:XAGUSD,58.896,59.13085,57.991,58.9459,42399.0
2026-06-26 14:00:00,OANDA:XAGUSD,58.9546,59.53515,58.759,59.1705,36516.0
2026-06-26 15:00:00,OANDA:XAGUSD,59.1785,59.5828,58.954,59.3915,24901.0
2026-06-26 16:00:00,OANDA:XAGUSD,59.392,59.457,59.1445,59.3115,18508.0
2026-06-26 17:00:00,OANDA:XAGUSD,59.312,59.3505,58.988,58.999,14362.0
2026-06-26 18:00:00,OANDA:XAGUSD,58.9995,59.1615,58.853,58.8885,10105.0
2026-06-26 19:00:00,OANDA:XAGUSD,58.8895,59.0635,58.8395,58.926,12759.0
2026-06-26 20:00:00,OANDA:XAGUSD,58.9275,59.271,58.5215,59.1905,12050.0
2026-06-28 22:00:00,OANDA:XAGUSD,59.14985,59.3645,58.4757,58.7735,9839.0
2026-06-28 23:00:00,OANDA:XAGUSD,58.7725,58.9665,58.5805,58.676,8242.0
2026-06-29 00:00:00,OANDA:XAGUSD,58.6735,58.781,58.0615,58.659,25248.0
2026-06-29 01:00:00,OANDA:XAGUSD,58.6605,58.85215,58.166,58.3295,31189.0
2026-06-29 02:00:00,OANDA:XAGUSD,58.3255,58.882,58.2409,58.66545,23056.0
2026-06-29 03:00:00,OANDA:XAGUSD,58.672,59.1655,58.5585,58.6545,15743.0
2026-06-29 04:00:00,OANDA:XAGUSD,58.6565,58.6615,58.1785,58.2365,11541.0
2026-06-29 05:00:00,OANDA:XAGUSD,58.224,58.659,57.7615,58.5809,24055.0
2026-06-29 06:00:00,OANDA:XAGUSD,58.5785,58.94725,58.5485,58.6475,22414.0
2026-06-29 07:00:00,OANDA:XAGUSD,58.654,58.673,58.3105,58.31665,15092.0
2026-06-29 08:00:00,OANDA:XAGUSD,58.3165,58.5254,57.8935,58.007,16771.0
2026-06-29 09:00:00,OANDA:XAGUSD,58.006,58.199,57.41255,57.685,15579.0
2026-06-29 10:00:00,OANDA:XAGUSD,57.6865,57.8375,57.506,57.795,13800.0
2026-06-29 11:00:00,OANDA:XAGUSD,57.803,58.2395,57.6035,58.194,11676.0
2026-06-29 12:00:00,OANDA:XAGUSD,58.19505,58.539,58.0005,58.369,15600.0
2026-06-29 13:00:00,OANDA:XAGUSD,58.3725,58.761,58.047,58.1565,29274.0
2026-06-29 14:00:00,OANDA:XAGUSD,58.158,58.2515,57.431,58.0115,35292.0
2026-06-29 15:00:00,OANDA:XAGUSD,58.02,58.1855,57.684,58.0885,22105.0
2026-06-29 16:00:00,OANDA:XAGUSD,58.0905,58.253,57.9175,58.115,12461.0
2026-06-29 17:00:00,OANDA:XAGUSD,58.121,58.4085,58.0265,58.211,13919.0
2026-06-29 18:00:00,OANDA:XAGUSD,58.2095,58.37,58.095,58.1635,7512.0
2026-06-29 19:00:00,OANDA:XAGUSD,58.164,58.329,57.928,58.2335,10430.0
2026-06-29 20:00:00,OANDA:XAGUSD,58.2345,58.3505,58.174,58.30755,6289.0
2026-06-29 22:00:00,OANDA:XAGUSD,58.3185,58.3935,58.2085,58.248,4497.0
2026-06-29 23:00:00,OANDA:XAGUSD,58.2539,58.566,58.2525,58.4325,3660.0
2026-06-30 00:00:00,OANDA:XAGUSD,58.4225,58.4265,57.258,57.517,13804.0
2026-06-30 01:00:00,OANDA:XAGUSD,57.5195,57.7682,56.6045,57.4185,29446.0
2026-06-30 02:00:00,OANDA:XAGUSD,57.419,57.6905,57.0655,57.3565,19278.0
2026-06-30 03:00:00,OANDA:XAGUSD,57.3665,57.731,57.1455,57.2685,12089.0
2026-06-30 04:00:00,OANDA:XAGUSD,57.2715,58.021,57.2565,57.6795,12337.0
2026-06-30 05:00:00,OANDA:XAGUSD,57.679,57.721,57.093,57.2745,18209.0
2026-06-30 06:00:00,OANDA:XAGUSD,57.2762,59.61375,57.2762,59.0285,31633.0
2026-06-30 07:00:00,OANDA:XAGUSD,59.034,59.13545,58.7245,58.9975,13554.0
2026-06-30 08:00:00,OANDA:XAGUSD,59.0,59.1535,58.3855,58.4775,12026.0
2026-06-30 09:00:00,OANDA:XAGUSD,58.476,58.8295,58.439,58.8275,8501.0
2026-06-30 10:00:00,OANDA:XAGUSD,58.828,59.092,58.738,59.032,6916.0
2026-06-30 11:00:00,OANDA:XAGUSD,59.0325,59.1835,58.7665,59.0495,6883.0
2026-06-30 12:00:00,OANDA:XAGUSD,59.0525,59.0725,58.2445,58.3365,10676.0
2026-06-30 13:00:00,OANDA:XAGUSD,58.3335,59.3795,58.3335,59.2339,24047.0
2026-06-30 14:00:00,OANDA:XAGUSD,59.2354,60.4405,59.042,59.861,32116.0
2026-06-30 15:00:00,OANDA:XAGUSD,59.867,60.01,59.5315,59.5795,16009.0
2026-06-30 16:00:00,OANDA:XAGUSD,59.5755,59.8265,59.4265,59.454,7101.0
2026-06-30 17:00:00,OANDA:XAGUSD,59.4535,59.6975,59.3525,59.6325,8508.0
2026-06-30 18:00:00,OANDA:XAGUSD,59.6305,59.8705,59.5665,59.7545,4732.0
2026-06-30 19:00:00,OANDA:XAGUSD,59.7425,59.7765,59.1185,59.1555,5289.0
2026-06-30 20:00:00,OANDA:XAGUSD,59.1485,59.2775,58.5675,58.586,5704.0
2026-06-30 22:00:00,OANDA:XAGUSD,58.811,58.8795,58.683,58.722,6882.0
2026-06-30 23:00:00,OANDA:XAGUSD,58.7255,58.8635,58.402,58.4065,5749.0
2026-07-01 00:00:00,OANDA:XAGUSD,58.405,58.5865,58.2481,58.488,9829.0
2026-07-01 01:00:00,OANDA:XAGUSD,58.491,58.69365,57.508,57.69415,27341.0
2026-07-01 02:00:00,OANDA:XAGUSD,57.69455,57.911,57.4635,57.6952,18158.0
2026-07-01 03:00:00,OANDA:XAGUSD,57.6944,58.019,57.6855,57.819,8176.0
2026-07-01 04:00:00,OANDA:XAGUSD,57.8305,57.8645,57.5665,57.6625,5942.0
2026-07-01 05:00:00,OANDA:XAGUSD,57.66,57.7237,57.403,57.5175,15429.0
2026-07-01 06:00:00,OANDA:XAGUSD,57.5179,57.63585,57.1695,57.45,16914.0
2026-07-01 07:00:00,OANDA:XAGUSD,57.446,57.719,57.234,57.7004,10910.0
2026-07-01 08:00:00,OANDA:XAGUSD,57.69,57.908,57.5185,57.722,7919.0
2026-07-01 09:00:00,OANDA:XAGUSD,57.7205,58.099,57.621,58.0355,5911.0
2026-07-01 10:00:00,OANDA:XAGUSD,58.039,58.283,57.911,58.268,6940.0
2026-07-01 11:00:00,OANDA:XAGUSD,58.269,59.1375,58.234,58.921,11310.0
2026-07-01 12:00:00,OANDA:XAGUSD,58.921,59.027,58.645,58.8125,13506.0
2026-07-01 13:00:00,OANDA:XAGUSD,58.8145,60.716,58.3258,60.3005,37284.0
2026-07-01 14:00:00,OANDA:XAGUSD,60.313,61.0073,60.1355,60.3525,33033.0
2026-07-01 15:00:00,OANDA:XAGUSD,60.3545,60.388,60.0425,60.2045,19073.0
2026-07-01 16:00:00,OANDA:XAGUSD,60.205,60.4285,60.051,60.0755,9919.0
2026-07-01 17:00:00,OANDA:XAGUSD,60.074,60.1595,59.848,59.866,9832.0
2026-07-01 18:00:00,OANDA:XAGUSD,59.8655,59.999,59.5975,59.7195,7160.0
2026-07-01 19:00:00,OANDA:XAGUSD,59.717,59.9075,59.204,59.2555,9086.0
2026-07-01 20:00:00,OANDA:XAGUSD,59.2525,59.2585,59.0495,59.1195,5906.0
2026-07-01 22:00:00,OANDA:XAGUSD,59.344,59.4325,59.2545,59.404,5142.0
2026-07-01 23:00:00,OANDA:XAGUSD,59.4015,59.4085,59.096,59.106,4166.0
2026-07-02 00:00:00,OANDA:XAGUSD,59.107,59.52285,58.9295,59.4615,12852.0
2026-07-02 01:00:00,OANDA:XAGUSD,59.464,60.147,59.4245,59.79,25897.0
2026-07-02 02:00:00,OANDA:XAGUSD,59.789,60.1445,59.627,60.0335,10293.0
2026-07-02 03:00:00,OANDA:XAGUSD,60.0385,60.4055,59.9505,60.287,7611.0
2026-07-02 04:00:00,OANDA:XAGUSD,60.29,60.4195,59.9865,60.0635,5227.0
2026-07-02 05:00:00,OANDA:XAGUSD,60.067,60.0895,59.40885,59.805,12726.0
2026-07-02 06:00:00,OANDA:XAGUSD,59.804,60.2645,59.79,59.94,14776.0
2026-07-02 07:00:00,OANDA:XAGUSD,59.949,59.98,59.379,59.396,11529.0
2026-07-02 08:00:00,OANDA:XAGUSD,59.3945,60.311,59.30755,60.1558,11583.0
2026-07-02 09:00:00,OANDA:XAGUSD,60.15865,60.224,59.814,59.836,7842.0
2026-07-02 10:00:00,OANDA:XAGUSD,59.8385,59.9525,59.7565,59.826,6069.0
2026-07-02 11:00:00,OANDA:XAGUSD,59.828,60.0905,59.4685,59.7875,8468.0
2026-07-02 12:00:00,OANDA:XAGUSD,59.7835,61.65,59.6915,61.1655,31167.0
2026-07-02 13:00:00,OANDA:XAGUSD,61.1665,62.079,60.846,61.8705,37651.0
2026-07-02 14:00:00,OANDA:XAGUSD,61.873,61.899,61.0765,61.3625,29737.0
2026-07-02 15:00:00,OANDA:XAGUSD,61.3615,61.4065,60.7815,61.103,17442.0
2026-07-02 16:00:00,OANDA:XAGUSD,61.107,61.1405,60.46,60.838,17051.0
2026-07-02 17:00:00,OANDA:XAGUSD,60.8385,60.8925,60.4115,60.4455,11224.0
2026-07-02 18:00:00,OANDA:XAGUSD,60.448,60.937,60.4225,60.783,10028.0
2026-07-02 19:00:00,OANDA:XAGUSD,60.7855,60.923,60.3605,60.8705,12198.0
2026-07-02 20:00:00,OANDA:XAGUSD,60.8695,60.9825,60.78,60.973,4352.0
2026-07-02 22:00:00,OANDA:XAGUSD,61.017,61.0545,60.9175,61.0175,2350.0
2026-07-02 23:00:00,OANDA:XAGUSD,61.014,61.156,60.9615,61.067,3573.0
2026-07-03 00:00:00,OANDA:XAGUSD,61.0615,61.519,61.0095,61.4335,14128.0
2026-07-03 01:00:00,OANDA:XAGUSD,61.432,62.466,61.2986,62.2185,25877.0
2026-07-03 02:00:00,OANDA:XAGUSD,62.2155,62.6025,62.136,62.395,11168.0
2026-07-03 03:00:00,OANDA:XAGUSD,62.398,62.472,62.1883,62.2665,9393.0
2026-07-03 04:00:00,OANDA:XAGUSD,62.266,62.6715,62.22,62.384,7628.0
2026-07-03 05:00:00,OANDA:XAGUSD,62.3845,62.558,62.2265,62.347,10443.0
2026-07-03 06:00:00,OANDA:XAGUSD,62.3475,62.4645,62.123,62.412,12238.0
2026-07-03 07:00:00,OANDA:XAGUSD,62.409,62.8565,62.3615,62.6975,8309.0
2026-07-03 08:00:00,OANDA:XAGUSD,62.703,62.897,62.5765,62.714,7500.0
2026-07-03 09:00:00,OANDA:XAGUSD,62.715,62.749,62.537,62.552,7727.0
2026-07-03 10:00:00,OANDA:XAGUSD,62.551,62.6985,62.4025,62.427,5272.0
2026-07-03 11:00:00,OANDA:XAGUSD,62.4185,62.5025,62.245,62.359,6778.0
2026-07-03 12:00:00,OANDA:XAGUSD,62.3585,62.439,62.0105,62.4035,9048.0
2026-07-03 13:00:00,OANDA:XAGUSD,62.4065,62.451,61.914,62.232,18871.0
2026-07-03 14:00:00,OANDA:XAGUSD,62.217,62.4515,62.0965,62.394,14799.0
2026-07-03 15:00:00,OANDA:XAGUSD,62.3945,62.5245,62.182,62.225,12871.0
2026-07-03 16:00:00,OANDA:XAGUSD,62.2235,62.4415,62.218,62.403,6475.0
2026-07-05 22:00:00,OANDA:XAGUSD,62.876,63.1905,62.739,63.1215,11852.0
2026-07-05 23:00:00,OANDA:XAGUSD,63.123,63.2765,62.6615,62.8015,13476.0
2026-07-06 00:00:00,OANDA:XAGUSD,62.8165,62.918,62.441,62.704,14117.0
2026-07-06 01:00:00,OANDA:XAGUSD,62.692,63.118,62.3715,62.416,23075.0
2026-07-06 02:00:00,OANDA:XAGUSD,62.4265,62.46,61.924,62.022,16127.0
2026-07-06 03:00:00,OANDA:XAGUSD,62.0315,62.0855,61.747,61.838,10675.0
2026-07-06 04:00:00,OANDA:XAGUSD,61.8395,61.8915,61.706,61.857,6705.0
2026-07-06 05:00:00,OANDA:XAGUSD,61.8565,61.953,61.5605,61.6335,11893.0
2026-07-06 06:00:00,OANDA:XAGUSD,61.63495,61.956,61.583,61.7015,13211.0
2026-07-06 07:00:00,OANDA:XAGUSD,61.705,62.3685,61.6305,62.35,7251.0
2026-07-06 08:00:00,OANDA:XAGUSD,62.357,62.37595,61.87395,61.9848,7724.0
2026-07-06 09:00:00,OANDA:XAGUSD,61.98585,62.168,61.821,61.9655,7647.0
2026-07-06 10:00:00,OANDA:XAGUSD,61.96545,62.2375,61.842,62.08,4849.0
2026-07-06 11:00:00,OANDA:XAGUSD,62.081,62.2435,61.9896,62.1785,7249.0
2026-07-06 12:00:00,OANDA:XAGUSD,62.178,62.2555,61.455,61.6155,12373.0
2026-07-06 13:00:00,OANDA:XAGUSD,61.62835,62.0413,61.363,61.844,21764.0
2026-07-06 14:00:00,OANDA:XAGUSD,61.8495,61.968,61.5115,61.7365,12980.0
2026-07-06 15:00:00,OANDA:XAGUSD,61.735,61.9265,61.637,61.789,8853.0
2026-07-06 16:00:00,OANDA:XAGUSD,61.7875,61.894,61.506,61.817,5119.0
2026-07-06 17:00:00,OANDA:XAGUSD,61.8145,62.0695,61.6895,62.0005,7397.0
2026-07-06 18:00:00,OANDA:XAGUSD,62.0045,62.3505,61.8885,62.1835,4334.0
2026-07-06 19:00:00,OANDA:XAGUSD,62.185,62.2305,62.0225,62.08345,6531.0
2026-07-06 20:00:00,OANDA:XAGUSD,62.0865,62.118,61.986,62.041,1937.0
2026-07-06 22:00:00,OANDA:XAGUSD,62.056,62.162,62.005,62.031,2768.0
2026-07-06 23:00:00,OANDA:XAGUSD,62.03,62.09,61.758,61.778,3727.0
2026-07-07 00:00:00,OANDA:XAGUSD,61.7775,62.0475,61.46,61.4865,14879.0
2026-07-07 01:00:00,OANDA:XAGUSD,61.4745,61.603,60.927,61.543,24006.0
2026-07-07 02:00:00,OANDA:XAGUSD,61.5465,61.6975,61.2075,61.2995,12116.0
2026-07-07 03:00:00,OANDA:XAGUSD,61.296,61.4105,60.9065,61.1145,11077.0
2026-07-07 04:00:00,OANDA:XAGUSD,61.119,61.306,60.838,60.8695,8037.0
2026-07-07 05:00:00,OANDA:XAGUSD,60.87,60.967,60.3085,60.564,16122.0
2026-07-07 06:00:00,OANDA:XAGUSD,60.5666,61.29,60.5666,61.1355,12380.0
2026-07-07 07:00:00,OANDA:XAGUSD,61.133,61.15685,60.8155,60.8219,12695.0
2026-07-07 08:00:00,OANDA:XAGUSD,60.824,61.2687,60.7955,60.9335,12102.0
2026-07-07 09:00:00,OANDA:XAGUSD,60.9305,61.0195,60.751,60.8905,11872.0
2026-07-07 10:00:00,OANDA:XAGUSD,60.89,61.1151,60.76,60.7925,10677.0
2026-07-07 11:00:00,OANDA:XAGUSD,60.7915,61.3935,60.642,61.3805,9774.0
2026-07-07 12:00:00,OANDA:XAGUSD,61.3865,61.7355,61.321,61.64,14716.0
2026-07-07 13:00:00,OANDA:XAGUSD,61.6415,61.8657,61.10195,61.324,25660.0
2026-07-07 14:00:00,OANDA:XAGUSD,61.3175,61.422,60.6525,60.921,29054.0
2026-07-07 15:00:00,OANDA:XAGUSD,60.92155,60.9985,60.4664,60.6365,30362.0
2026-07-07 16:00:00,OANDA:XAGUSD,60.642,61.006,60.612,60.9305,11380.0
2026-07-07 17:00:00,OANDA:XAGUSD,60.93,61.076,60.7425,61.0145,8636.0
2026-07-07 18:00:00,OANDA:XAGUSD,61.0175,61.0295,60.4125,60.445,12693.0
2026-07-07 19:00:00,OANDA:XAGUSD,60.4435,60.479,59.4465,60.237,23804.0
2026-07-07 20:00:00,OANDA:XAGUSD,60.236,60.33155,59.87875,59.9775,6556.0
2026-07-07 22:00:00,OANDA:XAGUSD,59.96,59.985,59.5885,59.7625,5829.0
2026-07-07 23:00:00,OANDA:XAGUSD,59.7605,59.974,59.592,59.678,7574.0
2026-07-08 00:00:00,OANDA:XAGUSD,59.675,60.3005,59.6195,60.117,25165.0
2026-07-08 01:00:00,OANDA:XAGUSD,60.1165,60.3235,59.615,60.014,30926.0
2026-07-08 02:00:00,OANDA:XAGUSD,60.016,60.1625,59.9015,60.0245,19429.0
2026-07-08 03:00:00,OANDA:XAGUSD,60.027,60.7575,60.0265,60.3535,13033.0
2026-07-08 04:00:00,OANDA:XAGUSD,60.351,60.462,60.2535,60.3425,10016.0
2026-07-08 05:00:00,OANDA:XAGUSD,60.343,60.988,60.3065,60.8615,17965.0
2026-07-08 06:00:00,OANDA:XAGUSD,60.859,61.0295,60.5555,60.6895,16153.0
2026-07-08 07:00:00,OANDA:XAGUSD,60.688,60.822,60.456,60.6295,11559.0
2026-07-08 08:00:00,OANDA:XAGUSD,60.632,60.6895,58.1785,58.399,33231.0
2026-07-08 09:00:00,OANDA:XAGUSD,58.3935,58.771,58.236,58.2965,22939.0
2026-07-08 10:00:00,OANDA:XAGUSD,58.301,58.7885,58.301,58.405,15255.0
2026-07-08 11:00:00,OANDA:XAGUSD,58.4025,59.053,58.05745,58.7555,17209.0
2026-07-08 12:00:00,OANDA:XAGUSD,58.7485,58.971,58.307,58.562,21777.0
2026-07-08 13:00:00,OANDA:XAGUSD,58.5605,58.981,58.2955,58.4415,30595.0
2026-07-08 14:00:00,OANDA:XAGUSD,58.4355,58.47,57.6081,57.80715,32746.0
2026-07-08 15:00:00,OANDA:XAGUSD,57.8185,57.912,57.2155,57.4005,27666.0
2026-07-08 16:00:00,OANDA:XAGUSD,57.4015,58.02705,57.3485,57.9165,18284.0
2026-07-08 17:00:00,OANDA:XAGUSD,57.9205,58.4945,57.79,58.1285,11989.0
2026-07-08 18:00:00,OANDA:XAGUSD,58.1345,58.6525,58.0933,58.5275,14656.0
2026-07-08 19:00:00,OANDA:XAGUSD,58.535,58.7,58.3695,58.419,8924.0
2026-07-08 20:00:00,OANDA:XAGUSD,58.4275,58.46,58.1305,58.29925,3992.0
2026-07-08 22:00:00,OANDA:XAGUSD,58.365,58.506,58.3238,58.408,7263.0
2026-07-08 23:00:00,OANDA:XAGUSD,58.4095,58.515,58.3205,58.4555,7085.0
2026-07-09 00:00:00,OANDA:XAGUSD,58.4485,58.609,58.2745,58.33695,19248.0
2026-07-09 01:00:00,OANDA:XAGUSD,58.323,58.4244,57.8345,58.208,29215.0
2026-07-09 02:00:00,OANDA:XAGUSD,58.2095,58.468,57.861,57.871,17614.0
2026-07-09 03:00:00,OANDA:XAGUSD,57.869,57.956,57.5885,57.886,18430.0
2026-07-09 04:00:00,OANDA:XAGUSD,57.889,58.017,57.698,57.9985,10322.0
2026-07-09 05:00:00,OANDA:XAGUSD,57.998,58.52385,57.90885,58.463,20392.0
2026-07-09 06:00:00,OANDA:XAGUSD,58.4585,59.0815,58.4488,59.041,24724.0
2026-07-09 07:00:00,OANDA:XAGUSD,59.042,59.3005,58.97725,59.221,11734.0
2026-07-09 08:00:00,OANDA:XAGUSD,59.224,59.4815,59.1285,59.19,11041.0
2026-07-09 09:00:00,OANDA:XAGUSD,59.191,59.254,59.071,59.17,8498.0
2026-07-09 10:00:00,OANDA:XAGUSD,59.1705,59.202,58.7246,58.8495,9761.0
2026-07-09 11:00:00,OANDA:XAGUSD,58.8525,59.11,58.804,59.0265,11586.0
2026-07-09 12:00:00,OANDA:XAGUSD,59.025,59.6685,58.9135,59.32415,19183.0
2026-07-09 13:00:00,OANDA:XAGUSD,59.3245,60.3235,59.2155,60.2545,27425.0
2026-07-09 14:00:00,OANDA:XAGUSD,60.25,60.479,59.8675,60.2705,27027.0
2026-07-09 15:00:00,OANDA:XAGUSD,60.271,60.515,60.208,60.33,17901.0
2026-07-09 16:00:00,OANDA:XAGUSD,60.33315,60.6184,60.29725,60.3925,11834.0
2026-07-09 17:00:00,OANDA:XAGUSD,60.3939,60.4665,60.1925,60.419,9883.0
2026-07-09 18:00:00,OANDA:XAGUSD,60.4175,60.428,59.988,60.043,8662.0
2026-07-09 19:00:00,OANDA:XAGUSD,60.0455,60.0635,59.8705,59.908,7486.0
2026-07-09 20:00:00,OANDA:XAGUSD,59.904,60.006,59.866,59.9705,2600.0
2026-07-09 22:00:00,OANDA:XAGUSD,59.983,60.037,59.911,59.9315,2881.0
2026-07-09 23:00:00,OANDA:XAGUSD,59.9331,60.05,59.916,60.026,2481.0
2026-07-10 00:00:00,OANDA:XAGUSD,60.0235,60.23415,59.7415,60.1865,13815.0
2026-07-10 01:00:00,OANDA:XAGUSD,60.186,60.3842,59.7665,60.131,27474.0
2026-07-10 02:00:00,OANDA:XAGUSD,60.1355,60.485,60.0685,60.433,14237.0
2026-07-10 03:00:00,OANDA:XAGUSD,60.4285,60.77,60.3175,60.4105,11319.0
2026-07-10 04:00:00,OANDA:XAGUSD,60.41,60.526,60.2985,60.3505,9207.0
2026-07-10 05:00:00,OANDA:XAGUSD,60.351,60.375,59.921,60.2345,14065.0
2026-07-10 06:00:00,OANDA:XAGUSD,60.236,60.4095,60.023,60.073,16753.0
2026-07-10 07:00:00,OANDA:XAGUSD,60.073,60.212,59.7985,59.9385,9831.0
2026-07-10 08:00:00,OANDA:XAGUSD,59.94175,59.9885,59.3785,59.5265,10527.0
2026-07-10 09:00:00,OANDA:XAGUSD,59.5175,59.623,59.403,59.5035,9201.0
2026-07-10 10:00:00,OANDA:XAGUSD,59.506,59.7165,59.2918,59.2975,8583.0
2026-07-10 11:00:00,OANDA:XAGUSD,59.295,59.5735,59.276,59.4245,7726.0
2026-07-10 12:00:00,OANDA:XAGUSD,59.425,59.873,59.357,59.632,15986.0
2026-07-10 13:00:00,OANDA:XAGUSD,59.6415,59.9045,59.3495,59.7225,23879.0
2026-07-10 14:00:00,OANDA:XAGUSD,59.724,60.062,58.8787,59.4455,24048.0
2026-07-10 15:00:00,OANDA:XAGUSD,59.4445,59.9995,59.413,59.9675,13896.0
2026-07-10 16:00:00,OANDA:XAGUSD,59.9685,60.0295,59.7265,59.7345,7500.0
2026-07-10 17:00:00,OANDA:XAGUSD,59.7315,59.813,59.5405,59.5465,8332.0
2026-07-10 18:00:00,OANDA:XAGUSD,59.55,59.6995,59.5295,59.5695,5229.0
2026-07-10 19:00:00,OANDA:XAGUSD,59.5715,59.7085,59.5045,59.6975,5882.0
2026-07-10 20:00:00,OANDA:XAGUSD,59.6945,59.9074,59.682,59.864,3453.0
2026-07-12 22:00:00,OANDA:XAGUSD,58.98295,59.02935,58.499,58.7445,10588.0
2026-07-12 23:00:00,OANDA:XAGUSD,58.744,58.973,58.621,58.9425,11145.0
2026-07-13 00:00:00,OANDA:XAGUSD,58.941,59.3825,58.671,58.802,23887.0
2026-07-13 01:00:00,OANDA:XAGUSD,58.8015,59.13815,58.4325,58.4925,29009.0
2026-07-13 02:00:00,OANDA:XAGUSD,58.5005,58.6085,58.2605,58.3915,22276.0
2026-07-13 03:00:00,OANDA:XAGUSD,58.393,58.4175,58.014,58.17625,12813.0
2026-07-13 04:00:00,OANDA:XAGUSD,58.1725,58.2505,57.9985,58.2375,6784.0
2026-07-13 05:00:00,OANDA:XAGUSD,58.2355,58.538,57.9335,58.0565,17177.0
2026-07-13 06:00:00,OANDA:XAGUSD,58.0505,58.208,57.7085,57.966,18118.0
2026-07-13 07:00:00,OANDA:XAGUSD,57.9715,58.528,57.851,58.5005,11926.0
2026-07-13 08:00:00,OANDA:XAGUSD,58.501,58.995,58.501,58.867,11967.0
2026-07-13 09:00:00,OANDA:XAGUSD,58.865,58.886,58.4435,58.46,7631.0
2026-07-13 10:00:00,OANDA:XAGUSD,58.454,58.569,58.276,58.4175,9267.0
2026-07-13 11:00:00,OANDA:XAGUSD,58.422,58.765,58.3245,58.5395,11172.0
2026-07-13 12:00:00,OANDA:XAGUSD,58.54,58.699,58.231,58.6825,13933.0
2026-07-13 13:00:00,OANDA:XAGUSD,58.6875,58.723,58.0435,58.1865,24653.0
2026-07-13 14:00:00,OANDA:XAGUSD,58.18655,58.259,57.5481,58.1195,32385.0
2026-07-13 15:00:00,OANDA:XAGUSD,58.12,58.1745,57.9034,57.9875,18856.0
2026-07-13 16:00:00,OANDA:XAGUSD,57.99,58.066,57.4075,57.6105,19917.0
2026-07-13 17:00:00,OANDA:XAGUSD,57.6195,57.769,57.265,57.3225,13562.0
2026-07-13 18:00:00,OANDA:XAGUSD,57.3212,57.7115,57.27945,57.595,12335.0
2026-07-13 19:00:00,OANDA:XAGUSD,57.5985,57.7155,57.3965,57.693,8331.0
2026-07-13 20:00:00,OANDA:XAGUSD,57.694,57.7815,57.527,57.65155,4850.0
2026-07-13 22:00:00,OANDA:XAGUSD,57.61395,57.729,57.5995,57.6165,2612.0
2026-07-13 23:00:00,OANDA:XAGUSD,57.6175,57.625,57.398,57.611,8369.0
2026-07-14 00:00:00,OANDA:XAGUSD,57.618,57.651,57.03715,57.487,29757.0
2026-07-14 01:00:00,OANDA:XAGUSD,57.492,57.5045,56.8685,57.427,29668.0
2026-07-14 02:00:00,OANDA:XAGUSD,57.4265,57.7775,57.3195,57.5835,17977.0
2026-07-14 03:00:00,OANDA:XAGUSD,57.583,57.7115,57.3385,57.6855,14509.0
2026-07-14 04:00:00,OANDA:XAGUSD,57.685,57.8545,57.528,57.8205,12283.0
2026-07-14 05:00:00,OANDA:XAGUSD,57.8195,58.4295,57.806,58.2505,15302.0
2026-07-14 06:00:00,OANDA:XAGUSD,58.248,58.2885,58.016,58.1665,16069.0
2026-07-14 07:00:00,OANDA:XAGUSD,58.1685,58.251,57.936,57.975,13734.0
2026-07-14 08:00:00,OANDA:XAGUSD,57.9895,58.1355,57.8405,57.9715,10971.0
2026-07-14 09:00:00,OANDA:XAGUSD,57.971,58.1885,57.951,58.107,9518.0
2026-07-14 10:00:00,OANDA:XAGUSD,58.1055,58.119,57.841,57.8542,11366.0
2026-07-14 11:00:00,OANDA:XAGUSD,57.8485,58.1165,57.732,58.0715,13299.0
2026-07-14 12:00:00,OANDA:XAGUSD,58.076,59.663,57.799,59.0145,30772.0
2026-07-14 13:00:00,OANDA:XAGUSD,59.00485,59.5565,58.878,59.0845,28666.0
2026-07-14 14:00:00,OANDA:XAGUSD,59.0875,59.4445,58.8635,59.302,30228.0
2026-07-14 15:00:00,OANDA:XAGUSD,59.303,59.6805,58.7335,58.7845,23127.0
2026-07-14 16:00:00,OANDA:XAGUSD,58.7865,58.893,58.6255,58.748,12054.0
2026-07-14 17:00:00,OANDA:XAGUSD,58.7485,58.835,58.5905,58.805,8394.0
2026-07-14 18:00:00,OANDA:XAGUSD,58.7995,58.8555,58.4765,58.634,8294.0
2026-07-14 19:00:00,OANDA:XAGUSD,58.6345,58.8525,58.6,58.81,7959.0
2026-07-14 20:00:00,OANDA:XAGUSD,58.8115,58.829,58.62,58.697,2856.0
2026-07-14 22:00:00,OANDA:XAGUSD,58.749,58.768,58.633,58.6705,2213.0
2026-07-14 23:00:00,OANDA:XAGUSD,58.674,58.852,58.6235,58.797,3102.0
2026-07-15 00:00:00,OANDA:XAGUSD,58.8025,59.0395,58.73,58.949,16287.0
2026-07-15 01:00:00,OANDA:XAGUSD,58.9485,59.0755,58.3944,58.41745,26847.0
2026-07-15 02:00:00,OANDA:XAGUSD,58.4131,58.725,58.2555,58.5388,15680.0
2026-07-15 03:00:00,OANDA:XAGUSD,58.5365,58.6035,58.205,58.4005,12951.0
2026-07-15 04:00:00,OANDA:XAGUSD,58.403,58.5145,58.347,58.485,6682.0
2026-07-15 05:00:00,OANDA:XAGUSD,58.492,58.5595,58.1305,58.5495,17679.0
2026-07-15 06:00:00,OANDA:XAGUSD,58.5498,58.57075,58.042,58.3554,18758.0
2026-07-15 07:00:00,OANDA:XAGUSD,58.35655,58.5562,57.999,58.161,14372.0
2026-07-15 08:00:00,OANDA:XAGUSD,58.1675,58.4125,58.061,58.374,13194.0
2026-07-15 09:00:00,OANDA:XAGUSD,58.3745,58.4595,58.2235,58.273,10913.0
2026-07-15 10:00:00,OANDA:XAGUSD,58.276,58.3095,57.916,57.9914,13781.0
2026-07-15 11:00:00,OANDA:XAGUSD,57.9879,58.215,57.835,58.164,12785.0
2026-07-15 12:00:00,OANDA:XAGUSD,58.1715,58.741,57.7955,58.6425,22579.0
2026-07-15 13:00:00,OANDA:XAGUSD,58.643,58.8519,58.157,58.347,28171.0
2026-07-15 14:00:00,OANDA:XAGUSD,58.354,58.468,57.975,58.12145,29275.0
2026-07-15 15:00:00,OANDA:XAGUSD,58.12,58.195,57.456,57.647,27225.0
2026-07-15 16:00:00,OANDA:XAGUSD,57.645,57.6953,56.6185,56.888,24483.0
2026-07-15 17:00:00,OANDA:XAGUSD,56.8915,57.752,56.8575,57.6705,14416.0
2026-07-15 18:00:00,OANDA:XAGUSD,57.6715,58.4015,57.6525,57.8947,18329.0
2026-07-15 19:00:00,OANDA:XAGUSD,57.8905,58.045,57.6055,57.745,16067.0
2026-07-15 20:00:00,OANDA:XAGUSD,57.741,57.8555,57.6945,57.7825,3392.0
2026-07-15 22:00:00,OANDA:XAGUSD,57.8085,57.8875,57.7445,57.798,5346.0
2026-07-15 23:00:00,OANDA:XAGUSD,57.7915,57.8695,57.751,57.7835,4593.0
2026-07-16 00:00:00,OANDA:XAGUSD,57.783,57.848,57.4345,57.464,13126.0
2026-07-16 01:00:00,OANDA:XAGUSD,57.465,57.6025,56.8765,57.1035,27207.0
2026-07-16 02:00:00,OANDA:XAGUSD,57.104,57.1735,56.8625,57.1335,18159.0
2026-07-16 03:00:00,OANDA:XAGUSD,57.136,57.236,56.925,57.2095,9776.0
2026-07-16 04:00:00,OANDA:XAGUSD,57.2115,57.238,57.022,57.0722,5751.0
2026-07-16 05:00:00,OANDA:XAGUSD,57.07185,57.2945,56.929,57.17,14571.0
2026-07-16 06:00:00,OANDA:XAGUSD,57.168,57.4605,56.8361,57.1715,17814.0
2026-07-16 07:00:00,OANDA:XAGUSD,57.1755,57.2065,56.7025,56.849,11298.0
2026-07-16 08:00:00,OANDA:XAGUSD,56.8465,57.0565,56.5639,57.0435,12848.0
2026-07-16 09:00:00,OANDA:XAGUSD,57.047,57.123,56.877,56.933,9247.0
2026-07-16 10:00:00,OANDA:XAGUSD,56.929,56.948,56.514,56.55525,11205.0
2026-07-16 11:00:00,OANDA:XAGUSD,56.556,56.8085,56.4041,56.7355,15469.0
2026-07-16 12:00:00,OANDA:XAGUSD,56.7352,56.8245,55.7395,55.8387,24053.0
2026-07-16 13:00:00,OANDA:XAGUSD,55.84345,56.41665,55.3935,55.7265,33579.0
2026-07-16 14:00:00,OANDA:XAGUSD,55.724,56.299,55.648,56.1215,28395.0
2026-07-16 15:00:00,OANDA:XAGUSD,56.128,56.522,55.9605,56.2955,26354.0
2026-07-16 16:00:00,OANDA:XAGUSD,56.2985,56.3065,55.808,56.0595,18949.0
2026-07-16 17:00:00,OANDA:XAGUSD,56.059,56.1145,55.602,55.701,14209.0
2026-07-16 18:00:00,OANDA:XAGUSD,55.7025,55.8735,55.3305,55.553,15857.0
2026-07-16 19:00:00,OANDA:XAGUSD,55.5595,55.7455,55.37,55.7355,12965.0
2026-07-16 20:00:00,OANDA:XAGUSD,55.741,55.741,55.412,55.518,5456.0
2026-07-16 22:00:00,OANDA:XAGUSD,55.641,55.641,55.461,55.5555,3847.0
2026-07-16 23:00:00,OANDA:XAGUSD,55.554,55.608,55.415,55.594,4929.0
2026-07-17 00:00:00,OANDA:XAGUSD,55.5945,55.792,55.3535,55.767,16508.0
2026-07-17 01:00:00,OANDA:XAGUSD,55.763,55.786,55.0475,55.2255,29757.0
2026-07-17 02:00:00,OANDA:XAGUSD,55.226,55.322,54.776,54.938,17764.0
2026-07-17 03:00:00,OANDA:XAGUSD,54.9365,55.7815,54.9345,55.40705,18061.0
2026-07-17 04:00:00,OANDA:XAGUSD,55.4078,55.4335,55.1065,55.2165,10339.0
2026-07-17 05:00:00,OANDA:XAGUSD,55.212,55.57815,54.95,55.473,18803.0
2026-07-17 06:00:00,OANDA:XAGUSD,55.474,56.024,55.463,55.5235,20859.0
2026-07-17 07:00:00,OANDA:XAGUSD,55.5255,55.621,55.3905,55.449,13223.0
2026-07-17 08:00:00,OANDA:XAGUSD,55.4485,55.6735,55.2097,55.4708,17392.0
2026-07-17 09:00:00,OANDA:XAGUSD,55.47,55.7375,55.464,55.5785,10966.0
2026-07-17 10:00:00,OANDA:XAGUSD,55.579,55.5815,55.276,55.2795,9236.0
2026-07-17 11:00:00,OANDA:XAGUSD,55.2795,55.582,55.259,55.433,9142.0
2026-07-17 12:00:00,OANDA:XAGUSD,55.4285,55.469,54.989,55.087,13980.0
2026-07-17 13:00:00,OANDA:XAGUSD,55.0895,55.814,54.8605,55.7982,37989.0
2026-07-17 14:00:00,OANDA:XAGUSD,55.7985,55.998,55.5334,55.707,41933.0
2026-07-17 15:00:00,OANDA:XAGUSD,55.7075,56.2065,55.644,56.095,29516.0
2026-07-17 16:00:00,OANDA:XAGUSD,56.101,56.1085,55.892,56.016,19670.0
2026-07-17 17:00:00,OANDA:XAGUSD,56.018,56.197,55.8915,55.948,10938.0
2026-07-17 18:00:00,OANDA:XAGUSD,55.9525,56.2025,55.8945,56.1355,12045.0
2026-07-17 19:00:00,OANDA:XAGUSD,56.14,56.207,55.8765,56.1615,11681.0
2026-07-17 20:00:00,OANDA:XAGUSD,56.1625,56.163,55.8645,55.9,5785.0
2026-07-19 22:00:00,OANDA:XAGUSD,55.6312,55.9124,55.5179,55.74075,5534.0
2026-07-19 23:00:00,OANDA:XAGUSD,55.7437,55.9055,55.67715,55.903,11702.0
2026-07-20 00:00:00,OANDA:XAGUSD,55.9025,56.6924,55.615,56.601,25754.0
2026-07-20 01:00:00,OANDA:XAGUSD,56.6034,56.8872,56.3645,56.6575,28828.0
2026-07-20 02:00:00,OANDA:XAGUSD,56.657,57.35,56.6125,57.20075,22840.0
2026-07-20 03:00:00,OANDA:XAGUSD,57.20185,57.3735,57.0005,57.0505,14639.0
2026-07-20 04:00:00,OANDA:XAGUSD,57.0495,57.069,56.876,56.902,8807.0
2026-07-20 05:00:00,OANDA:XAGUSD,56.9025,56.954,56.4761,56.5138,20992.0
2026-07-20 06:00:00,OANDA:XAGUSD,56.51465,56.697,56.4215,56.4425,15041.0
2026-07-20 07:00:00,OANDA:XAGUSD,56.443,57.03525,56.381,57.018,14660.0
2026-07-20 08:00:00,OANDA:XAGUSD,57.0155,57.20615,56.79495,56.8235,12337.0
2026-07-20 09:00:00,OANDA:XAGUSD,56.824,57.10555,56.7045,57.004,8915.0
2026-07-20 10:00:00,OANDA:XAGUSD,57.0035,57.0057,56.81,56.829,7373.0
2026-07-20 11:00:00,OANDA:XAGUSD,56.83,57.48565,56.8135,57.099,19667.0
2026-07-20 12:00:00,OANDA:XAGUSD,57.0995,57.101,56.63575,56.75365,20060.0
2026-07-20 13:00:00,OANDA:XAGUSD,56.7535,57.0715,56.64015,56.772,28219.0
2026-07-20 14:00:00,OANDA:XAGUSD,56.773,57.031,56.3875,56.7635,24579.0
2026-07-20 15:00:00,OANDA:XAGUSD,56.766,57.184,56.6825,56.93805,18976.0
2026-07-20 16:00:00,OANDA:XAGUSD,56.9405,57.1785,56.588,56.8245,9970.0
2026-07-20 17:00:00,OANDA:XAGUSD,56.8235,56.9745,56.6364,56.767,10883.0
2026-07-20 18:00:00,OANDA:XAGUSD,56.768,56.868,56.497,56.59,11069.0
2026-07-20 19:00:00,OANDA:XAGUSD,56.5935,56.803,56.3741,56.4125,10922.0
2026-07-20 20:00:00,OANDA:XAGUSD,56.413,56.4825,56.37,56.41945,3585.0
2026-07-20 22:00:00,OANDA:XAGUSD,56.39275,56.423,56.1098,56.17015,6509.0
2026-07-20 23:00:00,OANDA:XAGUSD,56.16915,56.3735,56.1625,56.3535,7056.0
2026-07-21 00:00:00,OANDA:XAGUSD,56.3515,56.9425,56.186,56.9035,22693.0
2026-07-21 01:00:00,OANDA:XAGUSD,56.9085,57.2095,56.8045,56.912,26154.0
2026-07-21 02:00:00,OANDA:XAGUSD,56.9115,57.835,56.80535,57.568,22868.0
2026-07-21 03:00:00,OANDA:XAGUSD,57.56905,57.84585,57.5455,57.823,12869.0
2026-07-21 04:00:00,OANDA:XAGUSD,57.8251,57.91,57.724,57.8785,7266.0
2026-07-21 05:00:00,OANDA:XAGUSD,57.879,58.19785,57.8315,58.0855,12832.0
2026-07-21 06:00:00,OANDA:XAGUSD,58.0852,58.9505,58.078,58.87,18564.0
2026-07-21 07:00:00,OANDA:XAGUSD,58.87215,59.1525,58.79325,59.1395,11508.0
2026-07-21 08:00:00,OANDA:XAGUSD,59.1405,59.19205,58.8832,58.9655,10087.0
2026-07-21 09:00:00,OANDA:XAGUSD,58.966,59.251,58.966,59.077,10257.0
2026-07-21 10:00:00,OANDA:XAGUSD,59.075,59.184,58.87,58.8995,10603.0
2026-07-21 11:00:00,OANDA:XAGUSD,58.9,58.927,58.6775,58.8345,9328.0
2026-07-21 12:00:00,OANDA:XAGUSD,58.8373,59.2005,58.8087,58.8797,13228.0
2026-07-21 13:00:00,OANDA:XAGUSD,58.8865,59.0359,58.25,58.4365,27192.0
2026-07-21 14:00:00,OANDA:XAGUSD,58.435,59.14665,58.435,58.9405,26594.0
2026-07-21 15:00:00,OANDA:XAGUSD,58.93765,59.2145,58.8295,58.9465,16475.0
2026-07-21 16:00:00,OANDA:XAGUSD,58.945,59.1085,58.7876,58.8295,7148.0
2026-07-21 17:00:00,OANDA:XAGUSD,58.8305,58.8975,58.69,58.7485,7983.0
2026-07-21 18:00:00,OANDA:XAGUSD,58.7465,59.02455,58.715,58.86795,7932.0
2026-07-21 19:00:00,OANDA:XAGUSD,58.8672,58.93,58.7085,58.7331,6953.0
2026-07-21 20:00:00,OANDA:XAGUSD,58.727,58.875,58.664,58.8006,3006.0
2026-07-21 22:00:00,OANDA:XAGUSD,58.8075,58.9115,58.747,58.7725,2826.0
2026-07-21 23:00:00,OANDA:XAGUSD,58.773,58.8695,58.7305,58.8585,3203.0
2026-07-22 00:00:00,OANDA:XAGUSD,58.862,59.2205,58.773,59.203,14198.0
2026-07-22 01:00:00,OANDA:XAGUSD,59.2035,59.9705,59.1795,59.9625,22901.0
2026-07-22 02:00:00,OANDA:XAGUSD,59.952,60.00625,59.518,59.6055,14837.0
2026-07-22 03:00:00,OANDA:XAGUSD,59.6035,59.9825,59.571,59.797,10298.0
2026-07-22 04:00:00,OANDA:XAGUSD,59.7955,59.817,59.5725,59.681,6633.0
2026-07-22 05:00:00,OANDA:XAGUSD,59.683,59.791,59.444,59.673,13122.0
2026-07-22 06:00:00,OANDA:XAGUSD,59.667,59.8063,59.21075,59.27475,16507.0
2026-07-22 07:00:00,OANDA:XAGUSD,59.2775,59.5101,59.0785,59.1335,8885.0
2026-07-22 08:00:00,OANDA:XAGUSD,59.1455,59.5319,59.1435,59.495,9342.0
2026-07-22 09:00:00,OANDA:XAGUSD,59.4955,59.634,59.346,59.3785,8365.0
2026-07-22 10:00:00,OANDA:XAGUSD,59.379,59.523,59.30925,59.345,8765.0
2026-07-22 11:00:00,OANDA:XAGUSD,59.34725,59.432,59.1045,59.34345,11910.0
2026-07-22 12:00:00,OANDA:XAGUSD,59.35,59.558,58.8977,59.0523,15813.0
2026-07-22 13:00:00,OANDA:XAGUSD,59.06005,60.552,59.008,60.4995,25782.0
2026-07-22 14:00:00,OANDA:XAGUSD,60.50265,60.9365,60.1075,60.224,23378.0
2026-07-22 15:00:00,OANDA:XAGUSD,60.22335,60.4275,60.149,60.248,12664.0
2026-07-22 16:00:00,OANDA:XAGUSD,60.2475,60.286,59.892,60.0385,9686.0
2026-07-22 17:00:00,OANDA:XAGUSD,60.0465,60.065,59.759,59.9755,10423.0
2026-07-22 18:00:00,OANDA:XAGUSD,59.9745,59.995,59.78,59.88525,7949.0
2026-07-22 19:00:00,OANDA:XAGUSD,59.883,59.9525,59.54475,59.655,11332.0
2026-07-22 20:00:00,OANDA:XAGUSD,59.655,59.9245,59.5965,59.70515,9858.0
2026-07-22 22:00:00,OANDA:XAGUSD,59.5723,59.6535,59.322,59.3855,8198.0
2026-07-22 23:00:00,OANDA:XAGUSD,59.39,59.747,59.32435,59.73,6928.0
2026-07-23 00:00:00,OANDA:XAGUSD,59.7375,59.9045,59.6345,59.864,11904.0
2026-07-23 01:00:00,OANDA:XAGUSD,59.864,60.07735,59.4265,59.5185,21899.0
2026-07-23 02:00:00,OANDA:XAGUSD,59.5195,59.876,59.429,59.859,15425.0
2026-07-23 03:00:00,OANDA:XAGUSD,59.8565,59.9255,59.6955,59.749,8596.0
2026-07-23 04:00:00,OANDA:XAGUSD,59.759,59.919,59.6005,59.6275,5845.0
2026-07-23 05:00:00,OANDA:XAGUSD,59.6245,59.8915,59.5485,59.6235,12206.0
2026-07-23 06:00:00,OANDA:XAGUSD,59.626,59.7215,59.4095,59.455,11032.0
2026-07-23 07:00:00,OANDA:XAGUSD,59.452,59.466,58.669,58.9425,13696.0
2026-07-23 08:00:00,OANDA:XAGUSD,58.9452,59.0275,58.6875,58.877,13539.0
2026-07-23 09:00:00,OANDA:XAGUSD,58.873,59.026,58.7145,58.7461,10991.0
2026-07-23 10:00:00,OANDA:XAGUSD,58.7475,58.851,58.58835,58.751,12140.0
2026-07-23 11:00:00,OANDA:XAGUSD,58.753,58.7765,58.0116,58.5295,15921.0
2026-07-23 12:00:00,OANDA:XAGUSD,58.5235,58.54,57.646,57.6535,18516.0
2026-07-23 13:00:00,OANDA:XAGUSD,57.6405,58.045,57.0575,57.626,29953.0
2026-07-23 14:00:00,OANDA:XAGUSD,57.6305,57.997,57.57,57.7805,22433.0
2026-07-23 15:00:00,OANDA:XAGUSD,57.786,57.8205,57.2875,57.592,18195.0
2026-07-23 16:00:00,OANDA:XAGUSD,57.605,57.8425,57.5915,57.8225,7496.0
2026-07-23 17:00:00,OANDA:XAGUSD,57.8325,57.9255,57.4885,57.501,13510.0
2026-07-23 18:00:00,OANDA:XAGUSD,57.5,57.5935,57.401,57.5715,5981.0
2026-07-23 19:00:00,OANDA:XAGUSD,57.569,57.694,57.4485,57.5875,5976.0
2026-07-23 20:00:00,OANDA:XAGUSD,57.5905,57.6665,57.5525,57.66,3157.0
2026-07-23 22:00:00,OANDA:XAGUSD,57.5995,57.722,57.576,57.667,2950.0
2026-07-23 23:00:00,OANDA:XAGUSD,57.6665,57.674,57.53,57.5385,5701.0
2026-07-24 00:00:00,OANDA:XAGUSD,57.539,57.8715,57.3697,57.843,11569.0
2026-07-24 01:00:00,OANDA:XAGUSD,57.8425,57.903,57.376,57.653,17559.0
2026-07-24 02:00:00,OANDA:XAGUSD,57.6525,57.792,57.09,57.191,15283.0
2026-07-24 03:00:00,OANDA:XAGUSD,57.194,57.403,57.0955,57.29,11116.0
2026-07-24 04:00:00,OANDA:XAGUSD,57.2855,57.422,57.1775,57.309,5160.0
2026-07-24 05:00:00,OANDA:XAGUSD,57.3135,57.608,57.2575,57.3325,12973.0
2026-07-24 06:00:00,OANDA:XAGUSD,57.3365,57.81245,57.2845,57.72375,14023.0
2026-07-24 07:00:00,OANDA:XAGUSD,57.72315,58.4225,57.6922,58.1845,15786.0
2026-07-24 08:00:00,OANDA:XAGUSD,58.1785,58.3305,58.049,58.2935,10284.0
2026-07-24 09:00:00,OANDA:XAGUSD,58.298,58.471,58.2595,58.4265,8403.0
2026-07-24 10:00:00,OANDA:XAGUSD,58.4365,58.6415,58.37755,58.392,6465.0
2026-07-24 11:00:00,OANDA:XAGUSD,58.403,58.5569,58.224,58.4584,8591.0
2026-07-24 12:00:00,OANDA:XAGUSD,58.458,58.6405,58.2605,58.4045,12063.0
2026-07-24 13:00:00,OANDA:XAGUSD,58.401,58.506,57.846,58.37,22477.0
2026-07-24 14:00:00,OANDA:XAGUSD,58.372,58.6835,58.1685,58.501,17872.0
2026-07-24 15:00:00,OANDA:XAGUSD,58.504,58.98825,58.3735,58.9035,21018.0
2026-07-24 16:00:00,OANDA:XAGUSD,58.9045,58.9291,58.5555,58.6275,13023.0
2026-07-24 17:00:00,OANDA:XAGUSD,58.6285,58.763,58.4785,58.5425,7680.0
2026-07-24 18:00:00,OANDA:XAGUSD,58.5455,58.588,58.1985,58.3025,6904.0
2026-07-24 19:00:00,OANDA:XAGUSD,58.3055,58.3285,58.0745,58.1965,7481.0
2026-07-24 20:00:00,OANDA:XAGUSD,58.199,58.28,58.1,58.203,2274.0
2026-07-26 22:00:00,OANDA:XAGUSD,59.44875,59.8895,59.42075,59.682,8922.0
2026-07-26 23:00:00,OANDA:XAGUSD,59.6835,59.759,59.3135,59.659,8181.0
2026-07-27 00:00:00,OANDA:XAGUSD,59.6645,60.0955,59.526,59.6025,22433.0
2026-07-27 01:00:00,OANDA:XAGUSD,59.603,59.818,59.488,59.812,30673.0
2026-07-27 02:00:00,OANDA:XAGUSD,59.8175,59.8305,59.335,59.3383,15649.0
2026-07-27 03:00:00,OANDA:XAGUSD,59.338,59.4525,59.2825,59.308,9676.0
2026-07-27 04:00:00,OANDA:XAGUSD,59.311,59.352,59.135,59.3025,7112.0
2026-07-27 05:00:00,OANDA:XAGUSD,59.302,59.442,59.1365,59.428,11893.0
2026-07-27 06:00:00,OANDA:XAGUSD,59.4275,59.583,59.354,59.437,10480.0
2026-07-27 07:00:00,OANDA:XAGUSD,59.435,59.815,59.1847,59.1945,9743.0
2026-07-27 08:00:00,OANDA:XAGUSD,59.19345,59.4585,59.081,59.3935,9995.0
2026-07-27 09:00:00,OANDA:XAGUSD,59.396,59.463,59.165,59.2775,5647.0
2026-07-27 10:00:00,OANDA:XAGUSD,59.278,59.3785,59.041,59.252,6156.0
2026-07-27 11:00:00,OANDA:XAGUSD,59.2545,59.2905,59.01,59.0585,8454.0
2026-07-27 12:00:00,OANDA:XAGUSD,59.059,59.154,58.69615,58.9285,10575.0
2026-07-27 13:00:00,OANDA:XAGUSD,58.9365,59.087,58.4365,58.5505,22633.0
2026-07-27 14:00:00,OANDA:XAGUSD,58.5495,58.72925,58.2995,58.687,26870.0
2026-07-27 15:00:00,OANDA:XAGUSD,58.6885,58.7385,58.5071,58.6375,13756.0
2026-07-27 16:00:00,OANDA:XAGUSD,58.638,59.0,58.5945,58.6578,10504.0
2026-07-27 17:00:00,OANDA:XAGUSD,58.6605,58.6655,58.3895,58.508,10108.0
2026-07-27 18:00:00,OANDA:XAGUSD,58.51,58.5325,58.167,58.38,9930.0
2026-07-27 19:00:00,OANDA:XAGUSD,58.382,58.669,58.313,58.56,7577.0
2026-07-27 20:00:00,OANDA:XAGUSD,58.562,58.5685,58.3895,58.39135,3489.0
2026-07-27 22:00:00,OANDA:XAGUSD,58.51975,58.53455,58.3567,58.3758,2114.0
2026-07-27 23:00:00,OANDA:XAGUSD,58.37925,58.4572,58.3056,58.3773,3983.0
2026-07-28 00:00:00,OANDA:XAGUSD,58.377,58.42885,57.727,57.7605,21218.0
2026-07-28 01:00:00,OANDA:XAGUSD,57.7645,57.7954,57.0875,57.2395,28554.0
2026-07-28 02:00:00,OANDA:XAGUSD,57.25,57.432,57.1015,57.2495,18971.0
2026-07-28 03:00:00,OANDA:XAGUSD,57.253,57.5145,57.083,57.377,14952.0
2026-07-28 04:00:00,OANDA:XAGUSD,57.378,57.401,57.1565,57.1865,6887.0
2026-07-28 05:00:00,OANDA:XAGUSD,57.1855,57.2205,56.7135,57.1075,16772.0
2026-07-28 06:00:00,OANDA:XAGUSD,57.1085,57.5753,57.097,57.4275,14376.0
2026-07-28 07:00:00,OANDA:XAGUSD,57.4265,57.5585,57.3238,57.4705,9732.0
2026-07-28 08:00:00,OANDA:XAGUSD,57.4745,57.6955,57.3515,57.57,17452.0
2026-07-28 09:00:00,OANDA:XAGUSD,57.563,57.62,57.149,57.1905,10862.0
2026-07-28 10:00:00,OANDA:XAGUSD,57.1895,57.3245,57.019,57.17865,13075.0
2026-07-28 11:00:00,OANDA:XAGUSD,57.1785,57.4383,57.1135,57.3635,15620.0
2026-07-28 12:00:00,OANDA:XAGUSD,57.3707,57.5205,57.202,57.3175,12143.0
2026-07-28 13:00:00,OANDA:XAGUSD,57.317,57.428,56.70725,56.8495,20788.0
2026-07-28 14:00:00,OANDA:XAGUSD,56.8465,57.29105,56.6405,57.0055,25264.0
2026-07-28 15:00:00,OANDA:XAGUSD,57.005,57.4455,56.9185,57.43835,22957.0
2026-07-28 16:00:00,OANDA:XAGUSD,57.437,57.5525,57.262,57.32,9169.0
2026-07-28 17:00:00,OANDA:XAGUSD,57.3215,57.4725,57.0175,57.1035,9345.0
2026-07-28 18:00:00,OANDA:XAGUSD,57.101,57.194,57.0555,57.1155,5920.0
2026-07-28 19:00:00,OANDA:XAGUSD,57.1135,57.2965,57.1045,57.181,5931.0
2026-07-28 20:00:00,OANDA:XAGUSD,57.1815,57.1815,57.069,57.1135,3295.0
2026-07-28 22:00:00,OANDA:XAGUSD,57.1295,57.158,56.8735,56.91,6078.0
2026-07-28 23:00:00,OANDA:XAGUSD,56.913,57.239,56.8595,57.239,7375.0
2026-07-29 00:00:00,OANDA:XAGUSD,57.2365,57.359,57.0875,57.1395,14331.0
2026-07-29 01:00:00,OANDA:XAGUSD,57.138,57.644,56.93405,57.5075,26007.0
2026-07-29 02:00:00,OANDA:XAGUSD,57.508,58.008,57.3815,57.6655,17687.0
2026-07-29 03:00:00,OANDA:XAGUSD,57.6645,57.737,57.357,57.391,10311.0
2026-07-29 04:00:00,OANDA:XAGUSD,57.3955,57.515,57.3275,57.487,11383.0
2026-07-29 05:00:00,OANDA:XAGUSD,57.488,58.065,57.4755,57.7695,14274.0
2026-07-29 06:00:00,OANDA:XAGUSD,57.7675,58.145,57.7675,58.1285,11714.0
2026-07-29 07:00:00,OANDA:XAGUSD,58.13,58.2365,58.0615,58.095,7235.0
2026-07-29 08:00:00,OANDA:XAGUSD,58.102,58.1078,57.7425,57.88445,8758.0
2026-07-29 09:00:00,OANDA:XAGUSD,57.8866,57.9225,57.71345,57.7405,8719.0
2026-07-29 10:00:00,OANDA:XAGUSD,57.741,57.756,57.3725,57.415,10719.0
2026-07-29 11:00:00,OANDA:XAGUSD,57.413,57.7565,57.367,57.6585,6453.0
2026-07-29 12:00:00,OANDA:XAGUSD,57.657,57.706,56.8455,57.2825,16315.0
2026-07-29 13:00:00,OANDA:XAGUSD,57.2895,57.4975,56.8395,56.971,22621.0
2026-07-29 14:00:00,OANDA:XAGUSD,56.974,57.2415,56.7475,56.99,20094.0
2026-07-29 15:00:00,OANDA:XAGUSD,56.993,57.095,56.8495,56.991,13457.0
2026-07-29 16:00:00,OANDA:XAGUSD,56.9955,58.002,56.804,57.6965,11787.0
2026-07-29 17:00:00,OANDA:XAGUSD,57.7005,58.1075,57.638,57.9035,24504.0
2026-07-29 18:00:00,OANDA:XAGUSD,57.9046,59.1115,57.872,59.046,45681.0
2026-07-29 19:00:00,OANDA:XAGUSD,59.055,59.2615,57.2375,57.2665,41102.0
2026-07-29 20:00:00,OANDA:XAGUSD,57.274,57.6767,57.067,57.6265,18167.0
2026-07-29 22:00:00,OANDA:XAGUSD,58.05655,58.3255,57.92815,58.301,7463.0
2026-07-29 23:00:00,OANDA:XAGUSD,58.3005,58.515,58.195,58.202,12282.0
2026-07-30 00:00:00,OANDA:XAGUSD,58.2075,58.2725,57.7225,57.9305,21642.0
2026-07-30 01:00:00,OANDA:XAGUSD,57.9345,58.6575,57.8885,58.384,26067.0
2026-07-30 02:00:00,OANDA:XAGUSD,58.3855,58.543,57.705,57.7315,17685.0
2026-07-30 03:00:00,OANDA:XAGUSD,57.731,57.93195,57.3445,57.5475,12741.0
2026-07-30 04:00:00,OANDA:XAGUSD,57.55,57.569,57.111,57.1975,7566.0
2026-07-30 05:00:00,OANDA:XAGUSD,57.199,57.515,56.959,57.085,16434.0
2026-07-30 06:00:00,OANDA:XAGUSD,57.088,57.354,57.054,57.206,14565.0
2026-07-30 07:00:00,OANDA:XAGUSD,57.2045,57.5885,56.949,56.988,17193.0
2026-07-30 08:00:00,OANDA:XAGUSD,56.978,57.896,56.9395,57.626,19444.0
2026-07-30 09:00:00,OANDA:XAGUSD,57.638,57.9905,57.6255,57.748,13102.0
2026-07-30 10:00:00,OANDA:XAGUSD,57.7525,58.278,57.727,58.0645,15548.0
2026-07-30 11:00:00,OANDA:XAGUSD,58.062,58.152,57.982,58.1155,14041.0
2026-07-30 12:00:00,OANDA:XAGUSD,58.1185,58.33,57.877,57.989,21033.0
2026-07-30 13:00:00,OANDA:XAGUSD,57.994,58.546,57.784,58.516,36976.0
2026-07-30 14:00:00,OANDA:XAGUSD,58.5055,58.6235,57.9195,58.335,39124.0
2026-07-30 15:00:00,OANDA:XAGUSD,58.3345,58.6575,58.0585,58.605,22702.0
2026-07-30 16:00:00,OANDA:XAGUSD,58.6045,58.9605,58.5715,58.714,10844.0
2026-07-30 17:00:00,OANDA:XAGUSD,58.7115,58.8775,58.5365,58.7605,12446.0
2026-07-30 18:00:00,OANDA:XAGUSD,58.7665,58.991,58.7655,58.84555,7951.0
2026-07-30 19:00:00,OANDA:XAGUSD,58.84625,59.2565,58.8283,59.2055,9999.0
2026-07-30 20:00:00,OANDA:XAGUSD,59.2095,59.316,58.917,58.98935,8270.0
2026-07-30 22:00:00,OANDA:XAGUSD,59.0331,59.1095,59.0135,59.0665,2425.0
2026-07-30 23:00:00,OANDA:XAGUSD,59.069,59.174,58.976,59.082,3191.0
2026-07-31 00:00:00,OANDA:XAGUSD,59.086,59.1665,58.796,58.873,8925.0
2026-07-31 01:00:00,OANDA:XAGUSD,58.869,59.148,58.6275,58.6925,16074.0
2026-07-31 02:00:00,OANDA:XAGUSD,58.696,58.8525,58.4435,58.509,12234.0
2026-07-31 03:00:00,OANDA:XAGUSD,58.501,58.512,58.306,58.365,8303.0
2026-07-31 04:00:00,OANDA:XAGUSD,58.3655,58.6465,58.3445,58.646,3494.0
2026-07-31 05:00:00,OANDA:XAGUSD,58.6465,58.7705,58.2475,58.3465,9155.0
2026-07-31 06:00:00,OANDA:XAGUSD,58.347,58.575,58.23,58.2595,12563.0
2026-07-31 07:00:00,OANDA:XAGUSD,58.2535,58.387,58.0335,58.226,10823.0
2026-07-31 08:00:00,OANDA:XAGUSD,58.2265,58.281,58.0055,58.138,11723.0
2026-07-31 09:00:00,OANDA:XAGUSD,58.143,58.2095,57.883,57.96,10068.0
2026-07-31 10:00:00,OANDA:XAGUSD,57.9615,58.059,57.8505,57.8655,6907.0
2026-07-31 11:00:00,OANDA:XAGUSD,57.863,58.045,57.6435,57.827,9221.0
2026-07-31 12:00:00,OANDA:XAGUSD,57.8275,57.9035,57.5225,57.6315,10599.0
2026-07-31 13:00:00,OANDA:XAGUSD,57.626,57.699,57.08255,57.208,28983.0
2026-07-31 14:00:00,OANDA:XAGUSD,57.204,57.688,57.03,57.50295,24332.0
2026-07-31 15:00:00,OANDA:XAGUSD,57.5115,57.687,57.248,57.4755,16432.0
2026-07-31 16:00:00,OANDA:XAGUSD,57.471,57.6355,57.341,57.469,10051.0
2026-07-31 17:00:00,OANDA:XAGUSD,57.4685,57.9235,57.396,57.87,10437.0
2026-07-31 18:00:00,OANDA:XAGUSD,57.8725,57.944,57.7715,57.936,6774.0
2026-07-31 19:00:00,OANDA:XAGUSD,57.9355,57.9915,57.8185,57.92955,7140.0
2026-07-31 20:00:00,OANDA:XAGUSD,57.9311,57.9645,57.546,57.6325,7262.0
2026-08-02 22:00:00,OANDA:XAGUSD,58.5901,58.6335,58.278,58.341,10801.0
2026-08-02 23:00:00,OANDA:XAGUSD,58.346,58.368,58.193,58.315,11033.0
2026-08-03 00:00:00,OANDA:XAGUSD,58.317,58.416,57.8795,57.963,21217.0
2026-08-03 01:00:00,OANDA:XAGUSD,57.962,58.3555,57.823,58.2115,31771.0
2026-08-03 02:00:00,OANDA:XAGUSD,58.213,58.3005,57.9525,58.1355,17647.0
2026-08-03 03:00:00,OANDA:XAGUSD,58.1335,58.2905,58.094,58.249,12632.0
2026-08-03 04:00:00,OANDA:XAGUSD,58.25,58.586,58.229,58.3025,6580.0
2026-08-03 05:00:00,OANDA:XAGUSD,58.304,58.3495,57.791,58.172,11903.0
2026-08-03 06:00:00,OANDA:XAGUSD,58.1765,58.623,58.1115,58.128,16568.0
2026-08-03 07:00:00,OANDA:XAGUSD,58.129,58.371,57.8125,58.296,13113.0
2026-08-03 08:00:00,OANDA:XAGUSD,58.2985,58.3875,58.176,58.34385,11876.0
2026-08-03 09:00:00,OANDA:XAGUSD,58.3425,58.398,58.072,58.2155,11218.0
2026-08-03 10:00:00,OANDA:XAGUSD,58.2156,58.2205,57.8925,57.97915,9650.0
2026-08-03 11:00:00,OANDA:XAGUSD,57.9745,58.067,57.7505,58.0085,9795.0
2026-08-03 12:00:00,OANDA:XAGUSD,58.0045,58.057,57.4305,57.453,11415.0
2026-08-03 13:00:00,OANDA:XAGUSD,57.45575,57.698,56.564,57.1325,28679.0
2026-08-03 14:00:00,OANDA:XAGUSD,57.07725,57.3395,57.034,57.316,16141.0
2026-08-03 15:00:00,OANDA:XAGUSD,57.3155,57.52,57.17595,57.45,14486.0
2026-08-03 16:00:00,OANDA:XAGUSD,57.4525,57.774,57.382,57.672,8641.0
2026-08-03 17:00:00,OANDA:XAGUSD,57.673,57.8045,57.5555,57.6375,8345.0
2026-08-03 18:00:00,OANDA:XAGUSD,57.638,57.943,57.618,57.902,6407.0
2026-08-03 19:00:00,OANDA:XAGUSD,57.899,58.2235,57.899,58.0575,7155.0
2026-08-03 20:00:00,OANDA:XAGUSD,58.0545,58.205,57.993,58.18705,2719.0
2026-08-03 22:00:00,OANDA:XAGUSD,58.084,58.1735,57.99695,58.1535,3853.0
2026-08-03 23:00:00,OANDA:XAGUSD,58.153,58.2745,58.08835,58.2655,5157.0
2026-08-04 00:00:00,OANDA:XAGUSD,58.266,58.5695,58.1252,58.1422,10045.0
2026-08-04 01:00:00,OANDA:XAGUSD,58.1365,58.835,57.995,58.667,21626.0
2026-08-04 02:00:00,OANDA:XAGUSD,58.671,58.821,58.556,58.6425,13405.0
2026-08-04 03:00:00,OANDA:XAGUSD,58.6405,58.8195,58.6005,58.66905,9837.0
2026-08-04 04:00:00,OANDA:XAGUSD,58.6675,59.043,58.6495,58.97,5177.0
2026-08-04 05:00:00,OANDA:XAGUSD,58.9775,59.0555,58.743,58.9958,10045.0
2026-08-04 06:00:00,OANDA:XAGUSD,58.995,59.1635,58.794,58.929,10209.0
2026-08-04 07:00:00,OANDA:XAGUSD,58.9365,59.1205,58.9005,58.97985,8115.0
2026-08-04 08:00:00,OANDA:XAGUSD,58.97975,59.16785,58.752,58.7605,9103.0
2026-08-04 09:00:00,OANDA:XAGUSD,58.763,58.821,58.5901,58.75575,8102.0
2026-08-04 10:00:00,OANDA:XAGUSD,58.75685,59.0455,58.568,58.8075,10625.0
2026-08-04 11:00:00,OANDA:XAGUSD,58.803,59.4813,58.756,59.447,14779.0
2026-08-04 12:00:00,OANDA:XAGUSD,59.4445,59.932,59.136,59.8595,15809.0
2026-08-04 13:00:00,OANDA:XAGUSD,59.8615,59.998,59.349,59.6845,25669.0
2026-08-04 14:00:00,OANDA:XAGUSD,59.7015,59.864,59.289,59.5325,17987.0
2026-08-04 15:00:00,OANDA:XAGUSD,59.532,59.8065,59.314,59.733,12067.0
2026-08-04 16:00:00,OANDA:XAGUSD,59.7315,59.9025,59.619,59.833,7802.0
2026-08-04 17:00:00,OANDA:XAGUSD,59.8275,60.0485,59.773,59.8025,9794.0
2026-08-04 18:00:00,OANDA:XAGUSD,59.799,59.8215,59.534,59.609,7510.0
2026-08-04 19:00:00,OANDA:XAGUSD,59.6115,59.718,59.523,59.5692,5311.0
2026-08-04 20:00:00,OANDA:XAGUSD,59.564,59.6215,59.466,59.5214,5389.0
2026-08-04 22:00:00,OANDA:XAGUSD,59.55295,59.6075,59.4935,59.4985,3121.0
2026-08-04 23:00:00,OANDA:XAGUSD,59.5015,59.5165,59.4035,59.4475,5886.0
2026-08-05 00:00:00,OANDA:XAGUSD,59.438,59.7255,59.4115,59.7105,10604.0
2026-08-05 01:00:00,OANDA:XAGUSD,59.702,59.9445,59.53,59.913,17033.0
2026-08-05 02:00:00,OANDA:XAGUSD,59.9145,60.8445,59.7935,60.68,15257.0
2026-08-05 03:00:00,OANDA:XAGUSD,60.681,60.946,60.6235,60.7385,9673.0
2026-08-05 04:00:00,OANDA:XAGUSD,60.7435,60.869,60.6665,60.7565,5282.0
2026-08-05 05:00:00,OANDA:XAGUSD,60.755,61.6215,60.7185,61.413,12506.0
2026-08-05 06:00:00,OANDA:XAGUSD,61.417,61.895,61.3615,61.817,13088.0
2026-08-05 07:00:00,OANDA:XAGUSD,61.818,61.902,61.557,61.8425,10955.0
2026-08-05 08:00:00,OANDA:XAGUSD,61.8315,61.857,61.4065,61.4525,11016.0
2026-08-05 09:00:00,OANDA:XAGUSD,61.4545,61.639,61.3885,61.4425,10440.0
2026-08-05 10:00:00,OANDA:XAGUSD,61.443,61.4575,61.0845,61.265,7379.0
2026-08-05 11:00:00,OANDA:XAGUSD,61.264,62.031,61.238,61.9695,11369.0
2026-08-05 12:00:00,OANDA:XAGUSD,61.97515,62.516,61.4645,61.49,15093.0
2026-08-05 13:00:00,OANDA:XAGUSD,61.4805,62.3815,61.4805,62.365,25808.0
2026-08-05 14:00:00,OANDA:XAGUSD,62.3675,62.776,62.1225,62.258,25938.0
2026-08-05 15:00:00,OANDA:XAGUSD,62.264,62.6145,61.7875,61.9135,19554.0
2026-08-05 16:00:00,OANDA:XAGUSD,61.912,62.25115,61.73,62.0873,17881.0
2026-08-05 17:00:00,OANDA:XAGUSD,62.0865,62.2405,61.929,62.183,11026.0
2026-08-05 18:00:00,OANDA:XAGUSD,62.179,62.385,62.108,62.229,5521.0
2026-08-05 19:00:00,OANDA:XAGUSD,62.2255,62.3255,62.006,62.03,5969.0
2026-08-05 20:00:00,OANDA:XAGUSD,62.036,62.0855,61.957,62.0485,2614.0
2026-08-05 22:00:00,OANDA:XAGUSD,62.1048,62.1575,62.021,62.0495,1931.0
2026-08-05 23:00:00,OANDA:XAGUSD,62.051,62.3505,62.037,62.219,5567.0
2026-08-06 00:00:00,OANDA:XAGUSD,62.2195,62.76,62.064,62.669,17943.0
2026-08-06 01:00:00,OANDA:XAGUSD,62.6705,62.9095,62.005,62.234,29076.0
2026-08-06 02:00:00,OANDA:XAGUSD,62.231,62.5425,62.1065,62.2995,17176.0
2026-08-06 03:00:00,OANDA:XAGUSD,62.297,62.366,61.9445,62.105,12171.0
2026-08-06 04:00:00,OANDA:XAGUSD,62.115,62.2035,62.007,62.1405,6741.0
2026-08-06 05:00:00,OANDA:XAGUSD,62.1395,62.1915,61.58,62.1405,10804.0
2026-08-06 06:00:00,OANDA:XAGUSD,62.138,62.154,61.5426,61.6425,11500.0
2026-08-06 07:00:00,OANDA:XAGUSD,61.638,61.9405,61.616,61.9105,9531.0
2026-08-06 08:00:00,OANDA:XAGUSD,61.912,62.0835,61.7495,62.0805,13627.0
2026-08-06 09:00:00,OANDA:XAGUSD,62.078,62.216,61.7954,61.8945,13637.0
2026-08-06 10:00:00,OANDA:XAGUSD,61.8955,61.9025,61.716,61.7345,9411.0
2026-08-06 11:00:00,OANDA:XAGUSD,61.735,61.837,61.595,61.8055,10707.0
2026-08-06 12:00:00,OANDA:XAGUSD,61.8035,61.8185,61.2405,61.251,14693.0
2026-08-06 13:00:00,OANDA:XAGUSD,61.2545,61.806,61.039,61.619,27150.0
2026-08-06 14:00:00,OANDA:XAGUSD,61.6195,61.759,61.452,61.6785,19946.0
2026-08-06 15:00:00,OANDA:XAGUSD,61.6795,61.7165,60.969,61.0885,22585.0
2026-08-06 16:00:00,OANDA:XAGUSD,61.091,61.379,60.8755,61.3405,18029.0
2026-08-06 17:00:00,OANDA:XAGUSD,61.341,61.5265,61.2695,61.487,11767.0
2026-08-06 18:00:00,OANDA:XAGUSD,61.4885,61.578,61.4185,61.5125,8157.0
2026-08-06 19:00:00,OANDA:XAGUSD,61.5135,61.831,61.4685,61.789,13556.0
2026-08-06 20:00:00,OANDA:XAGUSD,61.795,61.846,61.4625,61.5322,5605.0
2026-08-06 22:00:00,OANDA:XAGUSD,61.4375,61.5445,61.434,61.476,3512.0
2026-08-06 23:00:00,OANDA:XAGUSD,61.47,61.676,61.454,61.66,3780.0
2026-08-07 00:00:00,OANDA:XAGUSD,61.6605,61.6605,61.1595,61.20425,13824.0
2026-08-07 01:00:00,OANDA:XAGUSD,61.20555,62.134,61.1695,62.0965,17965.0
2026-08-07 02:00:00,OANDA:XAGUSD,62.0975,62.3481,61.9305,62.0425,10958.0
2026-08-07 03:00:00,OANDA:XAGUSD,62.042,62.3985,62.0395,62.3735,7320.0
2026-08-07 04:00:00,OANDA:XAGUSD,62.3745,62.438,62.2345,62.301,8113.0
2026-08-07 05:00:00,OANDA:XAGUSD,62.3005,62.8235,62.211,62.73835,12553.0
2026-08-07 06:00:00,OANDA:XAGUSD,62.7454,63.913,62.661,63.75725,18083.0
2026-08-07 07:00:00,OANDA:XAGUSD,63.7502,63.8455,63.45685,63.8442,11884.0
2026-08-07 08:00:00,OANDA:XAGUSD,63.84355,64.44495,63.811,64.3095,13813.0
2026-08-07 09:00:00,OANDA:XAGUSD,64.315,64.645,64.265,64.433,9206.0
2026-08-07 10:00:00,OANDA:XAGUSD,64.4324,64.474,64.2215,64.31,7886.0
2026-08-07 11:00:00,OANDA:XAGUSD,64.3195,64.4095,63.9286,64.0925,12588.0
2026-08-07 12:00:00,OANDA:XAGUSD,64.0965,65.158,63.8445,64.719,25416.0
2026-08-07 13:00:00,OANDA:XAGUSD,64.7195,64.776,63.756,63.909,36040.0
2026-08-07 14:00:00,OANDA:XAGUSD,63.909,63.935,63.3235,63.382,29703.0
2026-08-07 15:00:00,OANDA:XAGUSD,63.3865,63.7665,63.3045,63.3405,19372.0
2026-08-07 16:00:00,OANDA:XAGUSD,63.3435,63.57475,63.1045,63.138,16802.0
2026-08-07 17:00:00,OANDA:XAGUSD,63.13725,63.416,63.061,63.3485,12409.0
2026-08-07 18:00:00,OANDA:XAGUSD,63.3445,63.4115,63.152,63.307,10738.0
2026-08-07 19:00:00,OANDA:XAGUSD,63.308,63.715,63.307,63.6195,15122.0
2026-08-07 20:00:00,OANDA:XAGUSD,63.61785,63.6236,63.4,63.5594,4434.0
2026-08-09 22:00:00,OANDA:XAGUSD,63.63875,63.8425,63.4146,63.6335,4159.0
2026-08-09 23:00:00,OANDA:XAGUSD,63.633,63.9265,63.485,63.5245,6137.0
2026-08-10 00:00:00,OANDA:XAGUSD,63.521,64.034,63.3435,63.406,13709.0
2026-08-10 01:00:00,OANDA:XAGUSD,63.404,63.7035,62.991,63.4735,27369.0
2026-08-10 02:00:00,OANDA:XAGUSD,63.476,63.711,63.325,63.3925,13240.0
2026-08-10 03:00:00,OANDA:XAGUSD,63.394,63.706,63.2785,63.6145,8851.0
2026-08-10 04:00:00,OANDA:XAGUSD,63.614,63.9385,63.571,63.8755,5809.0
2026-08-10 05:00:00,OANDA:XAGUSD,63.875,64.337,63.6375,64.1715,9142.0
2026-08-10 06:00:00,OANDA:XAGUSD,64.173,64.3,64.0585,64.272,10274.0
2026-08-10 07:00:00,OANDA:XAGUSD,64.2775,64.463,64.1035,64.3345,8754.0
2026-08-10 08:00:00,OANDA:XAGUSD,64.3425,64.4265,64.093,64.216,7318.0
2026-08-10 09:00:00,OANDA:XAGUSD,64.2135,64.2755,64.0817,64.0817,6226.0
2026-08-10 10:00:00,OANDA:XAGUSD,64.0795,64.094,63.91065,63.92845,5812.0
2026-08-10 11:00:00,OANDA:XAGUSD,63.929,64.1215,63.8215,64.065,6104.0
2026-08-10 12:00:00,OANDA:XAGUSD,64.0635,64.132,63.7605,63.8625,8767.0
2026-08-10 13:00:00,OANDA:XAGUSD,63.858,64.156,63.6,63.6625,16917.0
2026-08-10 14:00:00,OANDA:XAGUSD,63.665,64.8835,63.658,64.7445,19357.0
2026-08-10 15:00:00,OANDA:XAGUSD,64.748,65.164,64.5346,65.0465,16779.0
2026-08-10 16:00:00,OANDA:XAGUSD,65.0495,65.292,64.782,64.9315,17479.0
2026-08-10 17:00:00,OANDA:XAGUSD,64.931,65.235,64.825,65.1222,12611.0
2026-08-10 18:00:00,OANDA:XAGUSD,65.121,65.74,65.032,65.6155,11936.0
2026-08-10 19:00:00,OANDA:XAGUSD,65.6235,66.07,65.6235,65.741,8674.0
2026-08-10 20:00:00,OANDA:XAGUSD,65.7475,65.8665,65.674,65.73785,3012.0
2026-08-10 22:00:00,OANDA:XAGUSD,65.71175,65.8835,65.71175,65.8585,2662.0
2026-08-10 23:00:00,OANDA:XAGUSD,65.8575,65.911,65.72,65.832,3279.0
2026-08-11 00:00:00,OANDA:XAGUSD,65.8345,66.2505,65.7035,65.7995,10903.0
2026-08-11 01:00:00,OANDA:XAGUSD,65.7979,66.48425,65.4255,66.332,23189.0
2026-08-11 02:00:00,OANDA:XAGUSD,66.331,66.348,65.567,65.693,15920.0
2026-08-11 03:00:00,OANDA:XAGUSD,65.6925,65.96,65.685,65.784,11707.0
2026-08-11 04:00:00,OANDA:XAGUSD,65.785,65.861,65.3575,65.5295,6974.0
2026-08-11 05:00:00,OANDA:XAGUSD,65.5345,65.541,64.4765,64.761,17818.0
2026-08-11 06:00:00,OANDA:XAGUSD,64.762,64.9794,64.234,64.4835,20237.0
2026-08-11 07:00:00,OANDA:XAGUSD,64.49095,64.5755,64.3251,64.437,11857.0
2026-08-11 08:00:00,OANDA:XAGUSD,64.4515,64.9065,64.448,64.671,10001.0
2026-08-11 09:00:00,OANDA:XAGUSD,64.674,64.9565,64.624,64.8917,8832.0
2026-08-11 10:00:00,OANDA:XAGUSD,64.89425,65.146,64.8125,65.116,8401.0
2026-08-11 11:00:00,OANDA:XAGUSD,65.121,65.3385,65.0435,65.178,11935.0
2026-08-11 12:00:00,OANDA:XAGUSD,65.181,65.3145,64.8264,64.8485,11646.0
2026-08-11 13:00:00,OANDA:XAGUSD,64.852,65.2685,64.7109,64.8818,21746.0
2026-08-11 14:00:00,OANDA:XAGUSD,64.8805,65.1185,64.7545,64.997,18833.0
2026-08-11 15:00:00,OANDA:XAGUSD,65.0,65.154,64.349,64.9505,17510.0
2026-08-11 16:00:00,OANDA:XAGUSD,64.94865,65.127,64.8555,64.9145,8287.0
2026-08-11 17:00:00,OANDA:XAGUSD,64.91965,64.9815,64.5385,64.5445,8941.0
2026-08-11 18:00:00,OANDA:XAGUSD,64.5455,64.76,64.395,64.7055,8810.0
2026-08-11 19:00:00,OANDA:XAGUSD,64.707,64.82,64.501,64.7695,5588.0
2026-08-11 20:00:00,OANDA:XAGUSD,64.769,64.7775,64.6315,64.6825,2492.0
2026-08-11 22:00:00,OANDA:XAGUSD,64.7762,64.8875,64.73355,64.7865,2951.0
2026-08-11 23:00:00,OANDA:XAGUSD,64.7925,64.856,64.716,64.7775,4988.0
2026-08-12 00:00:00,OANDA:XAGUSD,64.775,65.037,64.7105,64.901,9330.0
2026-08-12 01:00:00,OANDA:XAGUSD,64.8995,65.1945,64.7865,65.103,17546.0
2026-08-12 02:00:00,OANDA:XAGUSD,65.1065,65.5405,65.0085,65.427,12664.0
2026-08-12 03:00:00,OANDA:XAGUSD,65.4305,65.7555,65.34595,65.3635,10289.0
2026-08-12 04:00:00,OANDA:XAGUSD,65.361,65.3645,65.07245,65.343,5852.0
2026-08-12 05:00:00,OANDA:XAGUSD,65.3405,65.361,64.9235,65.2765,13628.0
2026-08-12 06:00:00,OANDA:XAGUSD,65.276,66.0115,65.1235,65.9247,14173.0
2026-08-12 07:00:00,OANDA:XAGUSD,65.92085,66.1705,65.7955,66.0565,9836.0
2026-08-12 08:00:00,OANDA:XAGUSD,66.0555,66.368,66.03425,66.12625,7058.0
2026-08-12 09:00:00,OANDA:XAGUSD,66.134,66.8025,66.125,66.416,11009.0
2026-08-12 10:00:00,OANDA:XAGUSD,66.4205,66.44,66.0945,66.268,9880.0
2026-08-12 11:00:00,OANDA:XAGUSD,66.27,66.383,66.1387,66.307,8046.0
2026-08-12 12:00:00,OANDA:XAGUSD,66.2985,66.6945,65.64785,66.54245,25662.0
2026-08-12 13:00:00,OANDA:XAGUSD,66.52955,66.6794,65.638,66.1519,33646.0
2026-08-12 14:00:00,OANDA:XAGUSD,66.156,66.351,65.8305,65.8785,25421.0
2026-08-12 15:00:00,OANDA:XAGUSD,65.872,66.0335,65.52,65.7897,18555.0
2026-08-12 16:00:00,OANDA:XAGUSD,65.78905,65.88215,65.08,65.218,19103.0
2026-08-12 17:00:00,OANDA:XAGUSD,65.218,65.576,65.1785,65.3705,11218.0
2026-08-12 18:00:00,OANDA:XAGUSD,65.3695,65.623,65.254,65.492,9775.0
2026-08-12 19:00:00,OANDA:XAGUSD,65.4935,65.584,65.257,65.3715,6042.0
2026-08-12 20:00:00,OANDA:XAGUSD,65.3685,65.393,65.2245,65.3245,2841.0
2026-08-12 22:00:00,OANDA:XAGUSD,65.291,65.291,65.0575,65.084,2253.0
2026-08-12 23:00:00,OANDA:XAGUSD,65.08,65.307,65.0725,65.307,2202.0
2026-08-13 00:00:00,OANDA:XAGUSD,65.3085,66.3145,65.259,65.788,13153.0
2026-08-13 01:00:00,OANDA:XAGUSD,65.788,66.0405,65.318,65.447,22479.0
2026-08-13 02:00:00,OANDA:XAGUSD,65.4455,65.645,64.9495,65.4405,13530.0
2026-08-13 03:00:00,OANDA:XAGUSD,65.44,65.6205,65.308,65.3605,12594.0
2026-08-13 04:00:00,OANDA:XAGUSD,65.3555,65.3875,65.1,65.3675,7444.0
2026-08-13 05:00:00,OANDA:XAGUSD,65.367,65.649,64.9045,65.031,15656.0
2026-08-13 06:00:00,OANDA:XAGUSD,65.0335,65.155,64.662,64.8355,16367.0
2026-08-13 07:00:00,OANDA:XAGUSD,64.83205,64.8555,64.4825,64.5825,11574.0
2026-08-13 08:00:00,OANDA:XAGUSD,64.586,64.628,64.2215,64.4415,11836.0
2026-08-13 09:00:00,OANDA:XAGUSD,64.442,64.666,64.2905,64.637,8473.0
2026-08-13 10:00:00,OANDA:XAGUSD,64.641,65.0445,64.6125,64.964,7165.0
2026-08-13 11:00:00,OANDA:XAGUSD,64.97,65.0515,64.844,65.049,7096.0
2026-08-13 12:00:00,OANDA:XAGUSD,65.0485,65.39085,64.82035,65.3895,12380.0
2026-08-13 13:00:00,OANDA:XAGUSD,65.3845,65.4284,64.7625,64.794,24623.0
2026-08-13 14:00:00,OANDA:XAGUSD,64.7935,65.134,64.43385,65.01,23987.0
2026-08-13 15:00:00,OANDA:XAGUSD,65.0125,65.084,64.391,64.6685,17396.0
2026-08-13 16:00:00,OANDA:XAGUSD,64.671,64.8295,64.44,64.7715,10634.0
2026-08-13 17:00:00,OANDA:XAGUSD,64.774,64.963,64.656,64.6585,7573.0
2026-08-13 18:00:00,OANDA:XAGUSD,64.6595,64.8325,64.5125,64.567,6072.0
2026-08-13 19:00:00,OANDA:XAGUSD,64.5685,64.609,64.22,64.3905,10197.0
2026-08-13 20:00:00,OANDA:XAGUSD,64.3885,64.486,64.316,64.4755,4192.0
2026-08-13 22:00:00,OANDA:XAGUSD,64.3823,64.567,64.3784,64.51,3990.0
2026-08-13 23:00:00,OANDA:XAGUSD,64.5125,64.671,64.416,64.5495,5169.0
2026-08-14 00:00:00,OANDA:XAGUSD,64.542,64.73,63.93545,64.2035,14285.0
2026-08-14 01:00:00,OANDA:XAGUSD,64.203,64.203,63.7395,63.8155,22294.0
2026-08-14 02:00:00,OANDA:XAGUSD,63.8255,64.105,63.6895,63.8005,14853.0
2026-08-14 03:00:00,OANDA:XAGUSD,63.793,64.2095,63.749,63.997,8860.0
2026-08-14 04:00:00,OANDA:XAGUSD,63.998,64.0505,63.912,64.0155,4323.0
2026-08-14 05:00:00,OANDA:XAGUSD,64.014,64.2995,63.505,64.278,11345.0
2026-08-14 06:00:00,OANDA:XAGUSD,64.2695,64.4042,64.1267,64.36415,13413.0
2026-08-14 07:00:00,OANDA:XAGUSD,64.3627,64.6991,64.2315,64.595,9381.0
2026-08-14 08:00:00,OANDA:XAGUSD,64.5945,64.7424,64.4955,64.709,9549.0
2026-08-14 09:00:00,OANDA:XAGUSD,64.7025,64.90895,64.64015,64.8948,7611.0
2026-08-14 10:00:00,OANDA:XAGUSD,64.893,64.923,64.605,64.645,5984.0
2026-08-14 11:00:00,OANDA:XAGUSD,64.663,65.009,64.5985,64.996,8606.0
2026-08-14 12:00:00,OANDA:XAGUSD,64.9955,65.113,64.783,65.075,12412.0
2026-08-14 13:00:00,OANDA:XAGUSD,65.0795,65.471,64.9265,65.387,19230.0
2026-08-14 14:00:00,OANDA:XAGUSD,65.361,65.7055,65.1735,65.2175,17080.0
2026-08-14 15:00:00,OANDA:XAGUSD,65.2215,65.3745,64.9855,65.0335,16014.0
2026-08-14 16:00:00,OANDA:XAGUSD,65.036,65.1285,64.721,64.956,13230.0
2026-08-14 17:00:00,OANDA:XAGUSD,64.96,64.9885,64.726,64.821,7821.0
2026-08-14 18:00:00,OANDA:XAGUSD,64.822,64.887,64.686,64.748,4394.0
2026-08-14 19:00:00,OANDA:XAGUSD,64.7475,64.81,64.6645,64.7245,4675.0
2026-08-14 20:00:00,OANDA:XAGUSD,64.724,64.738,64.638,64.688,2844.0
2026-08-16 22:00:00,OANDA:XAGUSD,64.7602,65.251,64.691,65.2345,3789.0
2026-08-16 23:00:00,OANDA:XAGUSD,65.2315,65.2445,64.7735,64.8265,4455.0
2026-08-17 00:00:00,OANDA:XAGUSD,64.827,65.54575,64.812,65.5305,8507.0
2026-08-17 01:00:00,OANDA:XAGUSD,65.531,66.2265,65.49,65.6962,21232.0
2026-08-17 02:00:00,OANDA:XAGUSD,65.7,65.8445,65.4425,65.614,13699.0
2026-08-17 03:00:00,OANDA:XAGUSD,65.6145,65.6982,65.4545,65.543,11513.0
2026-08-17 04:00:00,OANDA:XAGUSD,65.5425,65.615,65.3905,65.4305,7803.0
2026-08-17 05:00:00,OANDA:XAGUSD,65.436,65.893,65.4285,65.7755,11850.0
2026-08-17 06:00:00,OANDA:XAGUSD,65.7785,65.975,65.678,65.925,10447.0
2026-08-17 07:00:00,OANDA:XAGUSD,65.923,65.9985,65.617,65.7325,7648.0
2026-08-17 08:00:00,OANDA:XAGUSD,65.7235,65.7235,65.459,65.509,7143.0
2026-08-17 09:00:00,OANDA:XAGUSD,65.5105,65.6203,65.469,65.5075,4740.0
2026-08-17 10:00:00,OANDA:XAGUSD,65.5095,65.8615,65.4415,65.6075,7139.0
2026-08-17 11:00:00,OANDA:XAGUSD,65.608,65.8465,65.5637,65.666,5789.0
2026-08-17 12:00:00,OANDA:XAGUSD,65.6655,65.7455,65.128,65.2355,11756.0
2026-08-17 13:00:00,OANDA:XAGUSD,65.241,65.7625,65.067,65.688,18921.0
2026-08-17 14:00:00,OANDA:XAGUSD,65.6905,66.399,65.629,66.2185,18881.0
2026-08-17 15:00:00,OANDA:XAGUSD,66.219,66.5585,66.1225,66.4335,15282.0
2026-08-17 16:00:00,OANDA:XAGUSD,66.438,66.458,66.258,66.3685,8841.0
2026-08-17 17:00:00,OANDA:XAGUSD,66.369,66.415,65.884,65.9115,11545.0
2026-08-17 18:00:00,OANDA:XAGUSD,65.912,66.0055,65.69,65.8025,11767.0
2026-08-17 19:00:00,OANDA:XAGUSD,65.8,65.9845,65.671,65.907,7024.0
2026-08-17 20:00:00,OANDA:XAGUSD,65.9065,65.926,65.7265,65.782,2508.0
2026-08-17 22:00:00,OANDA:XAGUSD,65.821,65.821,65.6245,65.664,1952.0
2026-08-17 23:00:00,OANDA:XAGUSD,65.663,65.976,65.6415,65.9745,2843.0
2026-08-18 00:00:00,OANDA:XAGUSD,65.975,66.479,65.862,66.433,9522.0
2026-08-18 01:00:00,OANDA:XAGUSD,66.4355,66.5635,65.437,65.646,19119.0
2026-08-18 02:00:00,OANDA:XAGUSD,65.649,65.6545,65.2015,65.3735,14176.0
2026-08-18 03:00:00,OANDA:XAGUSD,65.3755,65.509,65.1805,65.2155,9329.0
2026-08-18 04:00:00,OANDA:XAGUSD,65.218,65.259,65.0995,65.1755,6585.0
2026-08-18 05:00:00,OANDA:XAGUSD,65.175,65.277,64.7545,65.2005,9996.0
2026-08-18 06:00:00,OANDA:XAGUSD,65.1995,65.4545,64.976,65.295,10192.0
2026-08-18 07:00:00,OANDA:XAGUSD,65.2965,65.328,65.0135,65.018,8374.0
2026-08-18 08:00:00,OANDA:XAGUSD,65.026,65.1222,64.8415,65.013,11864.0
2026-08-18 09:00:00,OANDA:XAGUSD,65.0105,65.1,64.8835,65.088,8392.0
2026-08-18 10:00:00,OANDA:XAGUSD,65.091,65.1645,64.9575,65.1235,6068.0
2026-08-18 11:00:00,OANDA:XAGUSD,65.129,65.168,64.914,65.1545,6671.0
2026-08-18 12:00:00,OANDA:XAGUSD,65.152,65.2595,64.941,65.115,9006.0
2026-08-18 13:00:00,OANDA:XAGUSD,65.1175,65.30545,64.5493,64.8775,23822.0
2026-08-18 14:00:00,OANDA:XAGUSD,64.882,64.9885,64.113,64.174,25947.0
2026-08-18 15:00:00,OANDA:XAGUSD,64.173,64.346,63.521,63.9865,24012.0
2026-08-18 16:00:00,OANDA:XAGUSD,63.98625,64.1355,63.841,63.8695,12410.0
2026-08-18 17:00:00,OANDA:XAGUSD,63.8725,64.013,63.788,63.8325,10905.0
2026-08-18 18:00:00,OANDA:XAGUSD,63.833,63.89315,63.709,63.77,10101.0
2026-08-18 19:00:00,OANDA:XAGUSD,63.7715,63.857,63.3695,63.5625,11172.0
2026-08-18 20:00:00,OANDA:XAGUSD,63.5635,63.5925,63.1795,63.3275,5546.0
2026-08-18 22:00:00,OANDA:XAGUSD,63.332,64.331,63.1425,63.1725,3160.0
2026-08-18 23:00:00,OANDA:XAGUSD,63.182,63.273,62.745,62.941,6739.0
2026-08-19 00:00:00,OANDA:XAGUSD,62.9415,63.1665,62.8335,62.9545,16448.0
2026-08-19 01:00:00,OANDA:XAGUSD,62.951,63.33285,62.603,63.1965,19882.0
2026-08-19 02:00:00,OANDA:XAGUSD,63.1945,63.2665,62.959,63.0595,11023.0
2026-08-19 03:00:00,OANDA:XAGUSD,63.061,63.2015,62.884,63.0475,7031.0
2026-08-19 04:00:00,OANDA:XAGUSD,63.051,63.0905,62.7515,62.8775,5176.0
2026-08-19 05:00:00,OANDA:XAGUSD,62.878,62.8985,62.5645,62.6795,12270.0
2026-08-19 06:00:00,OANDA:XAGUSD,62.677,63.1525,62.6425,63.1405,12166.0
2026-08-19 07:00:00,OANDA:XAGUSD,63.14385,63.3075,63.032,63.089,7813.0
2026-08-19 08:00:00,OANDA:XAGUSD,63.092,63.30995,63.0425,63.0935,9629.0
2026-08-19 09:00:00,OANDA:XAGUSD,63.09,63.277,63.045,63.277,7443.0
2026-08-19 10:00:00,OANDA:XAGUSD,63.275,63.4215,63.1655,63.3555,7355.0
2026-08-19 11:00:00,OANDA:XAGUSD,63.358,63.6915,63.313,63.567,8238.0
2026-08-19 12:00:00,OANDA:XAGUSD,63.5675,65.157,63.512,64.9255,24628.0
2026-08-19 13:00:00,OANDA:XAGUSD,64.9265,65.486,64.536,65.1045,33697.0
2026-08-19 14:00:00,OANDA:XAGUSD,65.103,65.9395,65.0225,65.6175,26675.0
2026-08-19 15:00:00,OANDA:XAGUSD,65.618,65.9295,65.4265,65.899,19238.0
2026-08-19 16:00:00,OANDA:XAGUSD,65.9045,66.067,65.798,65.806,13153.0
2026-08-19 17:00:00,OANDA:XAGUSD,65.808,65.9345,65.6175,65.711,9853.0
2026-08-19 18:00:00,OANDA:XAGUSD,65.706,66.0745,65.4985,66.064,13658.0
2026-08-19 19:00:00,OANDA:XAGUSD,66.0645,66.4395,66.064,66.395,10985.0
2026-08-19 20:00:00,OANDA:XAGUSD,66.3955,67.0185,66.3165,66.99555,6048.0
2026-08-19 22:00:00,OANDA:XAGUSD,66.91605,67.0775,66.8435,66.913,4406.0
2026-08-19 23:00:00,OANDA:XAGUSD,66.9105,67.13,66.874,66.969,6464.0
2026-08-20 00:00:00,OANDA:XAGUSD,66.9665,67.313,66.696,66.7765,14379.0
2026-08-20 01:00:00,OANDA:XAGUSD,66.777,66.9488,66.395,66.745,21717.0
2026-08-20 02:00:00,OANDA:XAGUSD,66.7445,67.321,66.7445,67.052,15148.0
2026-08-20 03:00:00,OANDA:XAGUSD,67.0565,67.259,66.9895,67.1905,9926.0
2026-08-20 04:00:00,OANDA:XAGUSD,67.193,67.2095,66.856,67.0855,6248.0
2026-08-20 05:00:00,OANDA:XAGUSD,67.088,67.298,66.6215,66.7995,10304.0
2026-08-20 06:00:00,OANDA:XAGUSD,66.796,67.157,66.7115,67.0125,12495.0
2026-08-20 07:00:00,OANDA:XAGUSD,67.0105,67.0155,66.476,66.5975,11134.0
2026-08-20 08:00:00,OANDA:XAGUSD,66.6,66.8645,66.54255,66.663,13071.0
2026-08-20 09:00:00,OANDA:XAGUSD,66.6635,66.767,66.596,66.6695,11396.0
2026-08-20 10:00:00,OANDA:XAGUSD,66.666,66.9645,66.623,66.8655,9702.0
2026-08-20 11:00:00,OANDA:XAGUSD,66.867,66.8975,66.1425,66.1645,14181.0
2026-08-20 12:00:00,OANDA:XAGUSD,66.16935,66.6335,65.641,66.5532,21860.0
2026-08-20 13:00:00,OANDA:XAGUSD,66.556,67.5285,66.5105,67.174,27889.0
2026-08-20 14:00:00,OANDA:XAGUSD,67.18065,68.4175,67.1115,68.389,24748.0
2026-08-20 15:00:00,OANDA:XAGUSD,68.3945,68.9945,68.1585,68.3285,31883.0
2026-08-20 16:00:00,OANDA:XAGUSD,68.331,68.4425,67.918,68.226,16665.0
2026-08-20 17:00:00,OANDA:XAGUSD,68.2285,68.307,67.9945,68.1785,11253.0
2026-08-20 18:00:00,OANDA:XAGUSD,68.183,68.2165,67.747,67.9265,10526.0
2026-08-20 19:00:00,OANDA:XAGUSD,67.9245,68.3795,67.852,68.2765,8390.0
2026-08-20 20:00:00,OANDA:XAGUSD,68.2745,68.3085,68.06,68.093,3746.0
2026-08-20 22:00:00,OANDA:XAGUSD,68.1673,68.2775,68.085,68.2615,2366.0
2026-08-20 23:00:00,OANDA:XAGUSD,68.2597,68.401,68.1835,68.2075,4004.0
2026-08-21 00:00:00,OANDA:XAGUSD,68.2,68.259,67.943,67.9825,8986.0
2026-08-21 01:00:00,OANDA:XAGUSD,67.984,68.6985,67.9075,68.5545,18101.0
2026-08-21 02:00:00,OANDA:XAGUSD,68.5465,69.0375,68.3455,68.734,12887.0
2026-08-21 03:00:00,OANDA:XAGUSD,68.731,68.9895,68.705,68.8845,8334.0
2026-08-21 04:00:00,OANDA:XAGUSD,68.889,69.1895,68.874,68.98805,5902.0
2026-08-21 05:00:00,OANDA:XAGUSD,68.98495,69.21,68.736,69.185,10288.0
2026-08-21 06:00:00,OANDA:XAGUSD,69.1805,69.204,68.805,68.8545,14447.0
2026-08-21 07:00:00,OANDA:XAGUSD,68.84835,69.4296,68.8165,69.3455,11134.0
2026-08-21 08:00:00,OANDA:XAGUSD,69.3395,69.9233,69.13,69.8255,12856.0
2026-08-21 09:00:00,OANDA:XAGUSD,69.8285,69.994,69.4205,69.441,10516.0
2026-08-21 10:00:00,OANDA:XAGUSD,69.4435,69.565,69.175,69.5035,10147.0
2026-08-21 11:00:00,OANDA:XAGUSD,69.50055,70.023,69.4315,69.7125,14275.0
2026-08-21 12:00:00,OANDA:XAGUSD,69.716,69.75065,69.0665,69.4339,15164.0
2026-08-21 13:00:00,OANDA:XAGUSD,69.4345,69.86405,69.2485,69.3535,25725.0
2026-08-21 14:00:00,OANDA:XAGUSD,69.353,69.8005,68.901,69.154,27549.0
2026-08-21 15:00:00,OANDA:XAGUSD,69.159,69.7025,69.0105,69.531,19827.0
2026-08-21 16:00:00,OANDA:XAGUSD,69.5319,69.952,69.34,69.8995,15535.0
2026-08-21 17:00:00,OANDA:XAGUSD,69.9045,69.951,69.3975,69.501,19064.0
2026-08-21 18:00:00,OANDA:XAGUSD,69.5005,69.7335,69.473,69.602,9632.0
2026-08-21 19:00:00,OANDA:XAGUSD,69.6095,69.628,69.2815,69.394,9857.0
2026-08-21 20:00:00,OANDA:XAGUSD,69.393,69.403,68.8395,68.9705,6026.0
2026-08-23 22:00:00,OANDA:XAGUSD,68.98475,69.46135,68.935,68.9425,6157.0
2026-08-23 23:00:00,OANDA:XAGUSD,68.94025,69.3875,68.893,69.3655,6081.0
2026-08-24 00:00:00,OANDA:XAGUSD,69.359,69.6575,68.727,69.3365,16493.0
2026-08-24 01:00:00,OANDA:XAGUSD,69.3335,69.5435,68.418,68.838,22317.0
2026-08-24 02:00:00,OANDA:XAGUSD,68.8385,69.359,68.66625,68.9635,16110.0
2026-08-24 03:00:00,OANDA:XAGUSD,68.9656,69.2095,68.8005,69.1365,7344.0
