datetime,symbol,open,high,low,close,volume
2026-05-25 06:00:00,OANDA:XAUUSD,4553.455,4563.43,4550.55,4562.69,24372.0
2026-05-25 07:00:00,OANDA:XAUUSD,4562.7,4565.18,4552.495,4564.79,26055.0
2026-05-25 08:00:00,OANDA:XAUUSD,4564.78,4565.085,4553.435,4556.01,16527.0
2026-05-25 09:00:00,OANDA:XAUUSD,4556.07,4569.165,4554.92,4567.62,14453.0
2026-05-25 10:00:00,OANDA:XAUUSD,4567.62,4573.825,4567.62,4568.6,13730.0
2026-05-25 11:00:00,OANDA:XAUUSD,4568.63,4577.115,4567.705,4569.46,13670.0
2026-05-25 12:00:00,OANDA:XAUUSD,4569.455,4570.41,4553.12,4567.795,26105.0
2026-05-25 13:00:00,OANDA:XAUUSD,4567.74,4571.605,4560.17,4563.125,26184.0
2026-05-25 14:00:00,OANDA:XAUUSD,4563.14,4570.655,4562.46,4566.985,18560.0
2026-05-25 15:00:00,OANDA:XAUUSD,4566.97,4574.875,4565.665,4571.06,17373.0
2026-05-25 16:00:00,OANDA:XAUUSD,4571.07,4574.685,4568.005,4573.63,8369.0
2026-05-25 17:00:00,OANDA:XAUUSD,4573.485,4578.065,4563.365,4565.11,11653.0
2026-05-25 18:00:00,OANDA:XAUUSD,4565.175,4572.05,4564.325,4570.315,4196.0
2026-05-25 22:00:00,OANDA:XAUUSD,4571.33,4576.635,4569.68,4574.935,8160.0
2026-05-25 23:00:00,OANDA:XAUUSD,4574.95,4580.245,4555.415,4559.77,19223.0
2026-05-26 00:00:00,OANDA:XAUUSD,4559.865,4560.36,4539.595,4549.9,33195.0
2026-05-26 01:00:00,OANDA:XAUUSD,4549.905,4550.685,4527.865,4537.3,37860.0
2026-05-26 02:00:00,OANDA:XAUUSD,4537.285,4539.75,4530.165,4532.445,15065.0
2026-05-26 03:00:00,OANDA:XAUUSD,4532.45,4545.6,4532.22,4542.4,10948.0
2026-05-26 04:00:00,OANDA:XAUUSD,4542.44,4543.255,4523.59,4525.65,11692.0
2026-05-26 05:00:00,OANDA:XAUUSD,4525.635,4535.24,4523.005,4527.37,21657.0
2026-05-26 06:00:00,OANDA:XAUUSD,4527.32,4536.28,4527.26,4531.135,21893.0
2026-05-26 07:00:00,OANDA:XAUUSD,4531.225,4539.2,4521.68,4538.365,31626.0
2026-05-26 08:00:00,OANDA:XAUUSD,4538.33,4539.145,4520.11,4523.88,26249.0
2026-05-26 09:00:00,OANDA:XAUUSD,4523.89,4526.665,4512.07,4522.775,25963.0
2026-05-26 10:00:00,OANDA:XAUUSD,4522.81,4540.69,4519.52,4534.46,29007.0
2026-05-26 11:00:00,OANDA:XAUUSD,4534.46,4536.405,4503.615,4507.46,36220.0
2026-05-26 12:00:00,OANDA:XAUUSD,4507.465,4523.875,4500.785,4520.59,39343.0
2026-05-26 13:00:00,OANDA:XAUUSD,4520.565,4531.475,4512.3,4514.15,50730.0
2026-05-26 14:00:00,OANDA:XAUUSD,4514.37,4525.11,4507.91,4515.425,39891.0
2026-05-26 15:00:00,OANDA:XAUUSD,4515.495,4515.755,4502.41,4506.64,36373.0
2026-05-26 16:00:00,OANDA:XAUUSD,4506.725,4511.34,4499.845,4505.155,28933.0
2026-05-26 17:00:00,OANDA:XAUUSD,4505.155,4507.765,4490.025,4491.19,27077.0
2026-05-26 18:00:00,OANDA:XAUUSD,4491.135,4499.66,4482.62,4499.425,25840.0
2026-05-26 19:00:00,OANDA:XAUUSD,4499.43,4510.055,4497.805,4509.05,17557.0
2026-05-26 20:00:00,OANDA:XAUUSD,4509.04,4511.22,4504.2,4507.57,9561.0
2026-05-26 22:00:00,OANDA:XAUUSD,4506.725,4512.66,4498.125,4511.13,19090.0
2026-05-26 23:00:00,OANDA:XAUUSD,4511.155,4528.05,4504.485,4519.68,15302.0
2026-05-27 00:00:00,OANDA:XAUUSD,4519.54,4526.035,4514.315,4515.06,18804.0
2026-05-27 01:00:00,OANDA:XAUUSD,4515.055,4521.19,4507.005,4508.165,19618.0
2026-05-27 02:00:00,OANDA:XAUUSD,4508.16,4509.745,4498.075,4505.96,14104.0
2026-05-27 03:00:00,OANDA:XAUUSD,4505.94,4512.095,4496.91,4497.325,11003.0
2026-05-27 04:00:00,OANDA:XAUUSD,4497.32,4517.375,4496.065,4510.28,11615.0
2026-05-27 05:00:00,OANDA:XAUUSD,4510.31,4513.94,4491.89,4497.685,28049.0
2026-05-27 06:00:00,OANDA:XAUUSD,4497.68,4499.31,4479.87,4485.17,34304.0
2026-05-27 07:00:00,OANDA:XAUUSD,4485.18,4489.43,4475.985,4482.265,24002.0
2026-05-27 08:00:00,OANDA:XAUUSD,4482.27,4498.845,4481.385,4497.93,25874.0
2026-05-27 09:00:00,OANDA:XAUUSD,4497.92,4497.92,4487.14,4490.165,17108.0
2026-05-27 10:00:00,OANDA:XAUUSD,4490.16,4490.705,4442.765,4445.99,40971.0
2026-05-27 11:00:00,OANDA:XAUUSD,4446.075,4453.41,4425.145,4428.795,42915.0
2026-05-27 12:00:00,OANDA:XAUUSD,4428.79,4466.7,4427.66,4439.01,64503.0
2026-05-27 13:00:00,OANDA:XAUUSD,4438.975,4439.215,4401.63,4427.425,85168.0
2026-05-27 14:00:00,OANDA:XAUUSD,4427.455,4455.655,4426.08,4434.105,61646.0
2026-05-27 15:00:00,OANDA:XAUUSD,4434.07,4441.64,4428.21,4436.55,35592.0
2026-05-27 16:00:00,OANDA:XAUUSD,4436.555,4453.36,4434.23,4450.8,25994.0
2026-05-27 17:00:00,OANDA:XAUUSD,4450.82,4454.39,4441.415,4450.495,25881.0
2026-05-27 18:00:00,OANDA:XAUUSD,4450.28,4458.445,4447.795,4454.435,15321.0
2026-05-27 19:00:00,OANDA:XAUUSD,4454.445,4454.855,4448.905,4451.01,15025.0
2026-05-27 20:00:00,OANDA:XAUUSD,4450.925,4458.975,4450.13,4456.12,6897.0
2026-05-27 22:00:00,OANDA:XAUUSD,4456.89,4462.58,4455.31,4457.55,7335.0
2026-05-27 23:00:00,OANDA:XAUUSD,4457.545,4457.815,4443.905,4447.11,14373.0
2026-05-28 00:00:00,OANDA:XAUUSD,4447.125,4458.245,4443.7,4457.15,20398.0
2026-05-28 01:00:00,OANDA:XAUUSD,4457.56,4459.0,4406.875,4410.105,39820.0
2026-05-28 02:00:00,OANDA:XAUUSD,4410.29,4412.91,4392.63,4394.37,32558.0
2026-05-28 03:00:00,OANDA:XAUUSD,4394.27,4397.925,4368.605,4374.89,35533.0
2026-05-28 04:00:00,OANDA:XAUUSD,4374.86,4382.4,4366.23,4373.1,29272.0
2026-05-28 05:00:00,OANDA:XAUUSD,4373.13,4395.97,4367.215,4388.115,28912.0
2026-05-28 06:00:00,OANDA:XAUUSD,4388.1,4390.67,4374.31,4383.795,30859.0
2026-05-28 07:00:00,OANDA:XAUUSD,4383.815,4396.31,4382.9,4387.745,27620.0
2026-05-28 08:00:00,OANDA:XAUUSD,4387.725,4395.145,4385.99,4387.055,24124.0
2026-05-28 09:00:00,OANDA:XAUUSD,4387.01,4399.195,4386.545,4393.605,20882.0
2026-05-28 10:00:00,OANDA:XAUUSD,4393.645,4404.33,4375.255,4383.17,27231.0
2026-05-28 11:00:00,OANDA:XAUUSD,4383.12,4390.725,4381.01,4387.925,21666.0
2026-05-28 12:00:00,OANDA:XAUUSD,4387.945,4433.88,4379.745,4432.24,42105.0
2026-05-28 13:00:00,OANDA:XAUUSD,4432.245,4439.185,4418.255,4430.46,59132.0
2026-05-28 14:00:00,OANDA:XAUUSD,4430.285,4480.53,4420.87,4469.97,99685.0
2026-05-28 15:00:00,OANDA:XAUUSD,4469.945,4484.995,4468.825,4482.505,45623.0
2026-05-28 16:00:00,OANDA:XAUUSD,4482.51,4511.075,4477.685,4511.015,46877.0
2026-05-28 17:00:00,OANDA:XAUUSD,4511.035,4514.63,4501.305,4509.065,32062.0
2026-05-28 18:00:00,OANDA:XAUUSD,4509.06,4516.63,4498.645,4501.385,27754.0
2026-05-28 19:00:00,OANDA:XAUUSD,4501.365,4503.79,4497.305,4497.995,18028.0
2026-05-28 20:00:00,OANDA:XAUUSD,4497.965,4500.715,4494.775,4495.825,11007.0
2026-05-28 22:00:00,OANDA:XAUUSD,4497.085,4498.15,4491.135,4491.22,8817.0
2026-05-28 23:00:00,OANDA:XAUUSD,4491.26,4497.24,4488.975,4495.08,11739.0
2026-05-29 00:00:00,OANDA:XAUUSD,4495.195,4500.75,4492.085,4496.22,19031.0
2026-05-29 01:00:00,OANDA:XAUUSD,4496.37,4520.815,4492.42,4506.52,29097.0
2026-05-29 02:00:00,OANDA:XAUUSD,4506.55,4511.31,4498.6,4501.785,18019.0
2026-05-29 03:00:00,OANDA:XAUUSD,4501.69,4502.145,4494.935,4501.38,14569.0
2026-05-29 04:00:00,OANDA:XAUUSD,4501.365,4515.19,4501.18,4514.105,12068.0
2026-05-29 05:00:00,OANDA:XAUUSD,4514.1,4515.73,4502.635,4515.165,17329.0
2026-05-29 06:00:00,OANDA:XAUUSD,4515.17,4524.09,4510.03,4523.605,26140.0
2026-05-29 07:00:00,OANDA:XAUUSD,4523.59,4526.2,4510.695,4524.82,23916.0
2026-05-29 08:00:00,OANDA:XAUUSD,4524.8,4524.855,4509.955,4514.95,23319.0
2026-05-29 09:00:00,OANDA:XAUUSD,4514.965,4539.75,4513.255,4531.315,25845.0
2026-05-29 10:00:00,OANDA:XAUUSD,4531.26,4543.31,4525.58,4538.825,17875.0
2026-05-29 11:00:00,OANDA:XAUUSD,4538.785,4540.665,4525.935,4538.58,20603.0
2026-05-29 12:00:00,OANDA:XAUUSD,4538.6,4538.765,4512.73,4523.215,34339.0
2026-05-29 13:00:00,OANDA:XAUUSD,4523.18,4540.785,4517.04,4536.725,47681.0
2026-05-29 14:00:00,OANDA:XAUUSD,4536.73,4570.61,4525.38,4564.135,80657.0
2026-05-29 15:00:00,OANDA:XAUUSD,4564.13,4595.33,4557.56,4571.25,78355.0
2026-05-29 16:00:00,OANDA:XAUUSD,4571.3,4573.68,4560.07,4567.03,32827.0
2026-05-29 17:00:00,OANDA:XAUUSD,4567.05,4568.57,4551.715,4553.51,29855.0
2026-05-29 18:00:00,OANDA:XAUUSD,4553.545,4561.75,4551.015,4553.245,27273.0
2026-05-29 19:00:00,OANDA:XAUUSD,4553.24,4560.29,4542.9,4545.685,24472.0
2026-05-29 20:00:00,OANDA:XAUUSD,4545.515,4549.24,4540.06,4540.53,14343.0
2026-05-31 22:00:00,OANDA:XAUUSD,4520.795,4540.485,4520.025,4535.37,13940.0
2026-05-31 23:00:00,OANDA:XAUUSD,4535.405,4545.845,4535.23,4539.665,12692.0
2026-06-01 00:00:00,OANDA:XAUUSD,4539.68,4546.27,4535.39,4540.765,20853.0
2026-06-01 01:00:00,OANDA:XAUUSD,4540.83,4541.45,4523.715,4525.47,26689.0
2026-06-01 02:00:00,OANDA:XAUUSD,4525.46,4534.825,4521.325,4521.595,18557.0
2026-06-01 03:00:00,OANDA:XAUUSD,4521.605,4525.64,4509.965,4516.555,16684.0
2026-06-01 04:00:00,OANDA:XAUUSD,4516.615,4519.74,4508.64,4514.64,10187.0
2026-06-01 05:00:00,OANDA:XAUUSD,4514.66,4525.27,4512.79,4518.32,15797.0
2026-06-01 06:00:00,OANDA:XAUUSD,4518.285,4518.855,4500.32,4501.61,29222.0
2026-06-01 07:00:00,OANDA:XAUUSD,4501.57,4510.09,4492.59,4503.345,21767.0
2026-06-01 08:00:00,OANDA:XAUUSD,4503.325,4504.69,4490.45,4498.275,20100.0
2026-06-01 09:00:00,OANDA:XAUUSD,4498.27,4506.455,4489.095,4495.945,22550.0
2026-06-01 10:00:00,OANDA:XAUUSD,4495.95,4511.15,4495.95,4504.125,18466.0
2026-06-01 11:00:00,OANDA:XAUUSD,4504.11,4513.08,4499.94,4505.895,20129.0
2026-06-01 12:00:00,OANDA:XAUUSD,4505.915,4510.55,4497.62,4502.215,24444.0
2026-06-01 13:00:00,OANDA:XAUUSD,4502.265,4503.985,4448.35,4450.745,95772.0
2026-06-01 14:00:00,OANDA:XAUUSD,4449.595,4464.845,4447.86,4458.81,60770.0
2026-06-01 15:00:00,OANDA:XAUUSD,4458.83,4479.885,4455.595,4474.29,37038.0
2026-06-01 16:00:00,OANDA:XAUUSD,4474.16,4482.27,4463.07,4480.17,32321.0
2026-06-01 17:00:00,OANDA:XAUUSD,4480.23,4495.54,4471.58,4487.46,37100.0
2026-06-01 18:00:00,OANDA:XAUUSD,4487.455,4490.24,4484.915,4486.73,15851.0
2026-06-01 19:00:00,OANDA:XAUUSD,4486.605,4488.245,4479.16,4481.265,17582.0
2026-06-01 20:00:00,OANDA:XAUUSD,4481.29,4485.89,4480.26,4484.725,6663.0
2026-06-01 22:00:00,OANDA:XAUUSD,4483.385,4486.67,4479.755,4485.765,7873.0
2026-06-01 23:00:00,OANDA:XAUUSD,4485.755,4488.345,4479.21,4484.475,11025.0
2026-06-02 00:00:00,OANDA:XAUUSD,4484.545,4497.135,4476.91,4481.545,24749.0
2026-06-02 01:00:00,OANDA:XAUUSD,4481.45,4492.49,4463.01,4474.03,43459.0
2026-06-02 02:00:00,OANDA:XAUUSD,4474.0,4486.78,4472.265,4486.065,24445.0
2026-06-02 03:00:00,OANDA:XAUUSD,4486.05,4499.445,4485.785,4499.425,17340.0
2026-06-02 04:00:00,OANDA:XAUUSD,4499.43,4518.4,4497.915,4517.45,16560.0
2026-06-02 05:00:00,OANDA:XAUUSD,4517.44,4528.26,4515.1,4517.195,20824.0
2026-06-02 06:00:00,OANDA:XAUUSD,4517.145,4538.455,4517.07,4535.945,26736.0
2026-06-02 07:00:00,OANDA:XAUUSD,4535.765,4541.63,4528.085,4535.14,20633.0
2026-06-02 08:00:00,OANDA:XAUUSD,4535.16,4539.255,4526.095,4526.845,22060.0
2026-06-02 09:00:00,OANDA:XAUUSD,4526.855,4535.76,4521.715,4529.95,21419.0
2026-06-02 10:00:00,OANDA:XAUUSD,4529.97,4534.085,4524.7,4533.28,14021.0
2026-06-02 11:00:00,OANDA:XAUUSD,4533.29,4534.845,4525.72,4527.635,14952.0
2026-06-02 12:00:00,OANDA:XAUUSD,4527.66,4534.19,4513.555,4514.79,26089.0
2026-06-02 13:00:00,OANDA:XAUUSD,4514.84,4524.91,4503.015,4503.08,43364.0
2026-06-02 14:00:00,OANDA:XAUUSD,4503.055,4507.065,4490.435,4504.27,47741.0
2026-06-02 15:00:00,OANDA:XAUUSD,4504.29,4508.64,4500.16,4502.18,25483.0
2026-06-02 16:00:00,OANDA:XAUUSD,4502.245,4502.85,4486.355,4491.965,24554.0
2026-06-02 17:00:00,OANDA:XAUUSD,4491.95,4493.22,4482.14,4484.615,21368.0
2026-06-02 18:00:00,OANDA:XAUUSD,4484.63,4491.075,4478.785,4487.365,16656.0
2026-06-02 19:00:00,OANDA:XAUUSD,4487.385,4490.375,4483.495,4488.205,14816.0
2026-06-02 20:00:00,OANDA:XAUUSD,4488.185,4491.14,4486.315,4487.955,5727.0
2026-06-02 22:00:00,OANDA:XAUUSD,4490.115,4493.32,4484.15,4484.94,11296.0
2026-06-02 23:00:00,OANDA:XAUUSD,4485.015,4488.91,4462.29,4474.465,30593.0
2026-06-03 00:00:00,OANDA:XAUUSD,4474.375,4496.885,4474.11,4486.19,18049.0
2026-06-03 01:00:00,OANDA:XAUUSD,4486.01,4487.81,4463.64,4475.86,36358.0
2026-06-03 02:00:00,OANDA:XAUUSD,4475.955,4485.335,4472.9,4481.895,20763.0
2026-06-03 03:00:00,OANDA:XAUUSD,4481.91,4487.655,4481.86,4484.475,12197.0
2026-06-03 04:00:00,OANDA:XAUUSD,4484.62,4488.44,4468.385,4469.485,9898.0
2026-06-03 05:00:00,OANDA:XAUUSD,4469.455,4474.455,4456.71,4457.165,22016.0
2026-06-03 06:00:00,OANDA:XAUUSD,4457.215,4471.06,4455.39,4463.2,33295.0
2026-06-03 07:00:00,OANDA:XAUUSD,4463.245,4472.375,4453.025,4453.46,25926.0
2026-06-03 08:00:00,OANDA:XAUUSD,4453.55,4459.495,4440.365,4444.11,25247.0
2026-06-03 09:00:00,OANDA:XAUUSD,4444.065,4459.135,4439.09,4443.315,24908.0
2026-06-03 10:00:00,OANDA:XAUUSD,4443.28,4467.185,4441.115,4459.045,32378.0
2026-06-03 11:00:00,OANDA:XAUUSD,4459.035,4468.19,4458.645,4462.56,22387.0
2026-06-03 12:00:00,OANDA:XAUUSD,4462.555,4467.255,4448.375,4460.365,27223.0
2026-06-03 13:00:00,OANDA:XAUUSD,4460.34,4466.205,4426.42,4446.875,68986.0
2026-06-03 14:00:00,OANDA:XAUUSD,4446.84,4459.745,4442.48,4457.24,58316.0
2026-06-03 15:00:00,OANDA:XAUUSD,4457.3,4458.515,4436.755,4442.405,42909.0
2026-06-03 16:00:00,OANDA:XAUUSD,4442.27,4444.05,4433.925,4442.0,30466.0
2026-06-03 17:00:00,OANDA:XAUUSD,4442.035,4448.445,4435.73,4439.2,23929.0
2026-06-03 18:00:00,OANDA:XAUUSD,4439.19,4443.075,4435.535,4442.235,21212.0
2026-06-03 19:00:00,OANDA:XAUUSD,4442.23,4452.325,4441.605,4444.03,24550.0
2026-06-03 20:00:00,OANDA:XAUUSD,4444.04,4445.485,4430.635,4434.715,15860.0
2026-06-03 22:00:00,OANDA:XAUUSD,4431.91,4453.23,4423.965,4449.285,19192.0
2026-06-03 23:00:00,OANDA:XAUUSD,4449.23,4464.87,4445.64,4457.54,21262.0
2026-06-04 00:00:00,OANDA:XAUUSD,4457.615,4465.46,4444.245,4448.57,33923.0
2026-06-04 01:00:00,OANDA:XAUUSD,4448.38,4473.95,4443.18,4465.91,40477.0
2026-06-04 02:00:00,OANDA:XAUUSD,4465.81,4476.71,4455.63,4475.23,25759.0
2026-06-04 03:00:00,OANDA:XAUUSD,4475.04,4477.37,4458.52,4463.865,22947.0
2026-06-04 04:00:00,OANDA:XAUUSD,4463.86,4484.055,4462.47,4481.135,16916.0
2026-06-04 05:00:00,OANDA:XAUUSD,4481.2,4482.44,4466.98,4469.34,18204.0
2026-06-04 06:00:00,OANDA:XAUUSD,4469.335,4477.255,4463.075,4467.865,26580.0
2026-06-04 07:00:00,OANDA:XAUUSD,4467.955,4470.89,4459.66,4461.795,22066.0
2026-06-04 08:00:00,OANDA:XAUUSD,4461.665,4469.595,4458.665,4463.57,27028.0
2026-06-04 09:00:00,OANDA:XAUUSD,4463.595,4475.725,4461.035,4470.595,25499.0
2026-06-04 10:00:00,OANDA:XAUUSD,4470.55,4474.025,4464.35,4473.88,22446.0
2026-06-04 11:00:00,OANDA:XAUUSD,4473.86,4514.76,4468.785,4511.62,36845.0
2026-06-04 12:00:00,OANDA:XAUUSD,4511.555,4513.875,4491.185,4504.185,40579.0
2026-06-04 13:00:00,OANDA:XAUUSD,4504.17,4515.515,4495.515,4495.865,48411.0
2026-06-04 14:00:00,OANDA:XAUUSD,4495.87,4500.035,4457.36,4466.11,57131.0
2026-06-04 15:00:00,OANDA:XAUUSD,4466.115,4479.115,4463.78,4477.45,37185.0
2026-06-04 16:00:00,OANDA:XAUUSD,4477.435,4485.17,4475.37,4482.855,27630.0
2026-06-04 17:00:00,OANDA:XAUUSD,4482.835,4482.835,4474.09,4478.16,22630.0
2026-06-04 18:00:00,OANDA:XAUUSD,4478.19,4481.22,4472.775,4478.28,17464.0
2026-06-04 19:00:00,OANDA:XAUUSD,4478.275,4483.555,4476.2,4480.77,20069.0
2026-06-04 20:00:00,OANDA:XAUUSD,4480.78,4481.655,4474.455,4475.29,8215.0
2026-06-04 22:00:00,OANDA:XAUUSD,4474.185,4481.625,4469.0,4469.87,11709.0
2026-06-04 23:00:00,OANDA:XAUUSD,4469.805,4474.155,4460.67,4461.915,15290.0
2026-06-05 00:00:00,OANDA:XAUUSD,4461.93,4467.02,4450.79,4459.55,27819.0
2026-06-05 01:00:00,OANDA:XAUUSD,4459.565,4470.045,4444.265,4447.02,44803.0
2026-06-05 02:00:00,OANDA:XAUUSD,4447.07,4455.14,4438.69,4440.575,32170.0
2026-06-05 03:00:00,OANDA:XAUUSD,4440.56,4444.135,4435.305,4442.615,22234.0
2026-06-05 04:00:00,OANDA:XAUUSD,4442.66,4446.84,4437.69,4445.065,18108.0
2026-06-05 05:00:00,OANDA:XAUUSD,4445.085,4450.26,4438.795,4440.085,25688.0
2026-06-05 06:00:00,OANDA:XAUUSD,4440.06,4456.175,4428.72,4452.95,41427.0
2026-06-05 07:00:00,OANDA:XAUUSD,4452.945,4467.34,4451.99,4460.955,28595.0
2026-06-05 08:00:00,OANDA:XAUUSD,4460.86,4468.355,4458.725,4462.795,22344.0
2026-06-05 09:00:00,OANDA:XAUUSD,4462.715,4469.465,4458.895,4465.025,28610.0
2026-06-05 10:00:00,OANDA:XAUUSD,4465.03,4468.21,4461.975,4466.61,14046.0
2026-06-05 11:00:00,OANDA:XAUUSD,4466.595,4475.325,4458.28,4470.22,22206.0
2026-06-05 12:00:00,OANDA:XAUUSD,4470.305,4475.885,4404.93,4406.605,58814.0
2026-06-05 13:00:00,OANDA:XAUUSD,4406.65,4421.235,4365.475,4365.755,102799.0
2026-06-05 14:00:00,OANDA:XAUUSD,4365.865,4379.45,4344.605,4369.81,102931.0
2026-06-05 15:00:00,OANDA:XAUUSD,4369.86,4372.615,4334.11,4335.645,58252.0
2026-06-05 16:00:00,OANDA:XAUUSD,4335.58,4345.095,4323.27,4344.68,67296.0
2026-06-05 17:00:00,OANDA:XAUUSD,4344.85,4347.455,4335.715,4341.965,58559.0
2026-06-05 18:00:00,OANDA:XAUUSD,4341.97,4342.355,4315.345,4322.485,58978.0
2026-06-05 19:00:00,OANDA:XAUUSD,4322.55,4325.215,4314.005,4318.73,64388.0
2026-06-05 20:00:00,OANDA:XAUUSD,4318.745,4330.79,4311.93,4327.885,30967.0
2026-06-07 22:00:00,OANDA:XAUUSD,4321.55,4330.885,4310.115,4317.53,37175.0
2026-06-07 23:00:00,OANDA:XAUUSD,4317.64,4347.095,4317.585,4344.16,25977.0
2026-06-08 00:00:00,OANDA:XAUUSD,4344.175,4353.45,4340.06,4342.45,33776.0
2026-06-08 01:00:00,OANDA:XAUUSD,4342.55,4346.18,4300.025,4325.83,84875.0
2026-06-08 02:00:00,OANDA:XAUUSD,4325.82,4330.855,4307.14,4310.82,46097.0
2026-06-08 03:00:00,OANDA:XAUUSD,4310.785,4317.295,4303.66,4317.145,23917.0
2026-06-08 04:00:00,OANDA:XAUUSD,4317.235,4322.005,4307.72,4312.98,20360.0
2026-06-08 05:00:00,OANDA:XAUUSD,4312.975,4316.21,4268.48,4292.19,51578.0
2026-06-08 06:00:00,OANDA:XAUUSD,4292.145,4311.525,4292.14,4300.16,54339.0
2026-06-08 07:00:00,OANDA:XAUUSD,4300.16,4316.96,4294.52,4294.59,43347.0
2026-06-08 08:00:00,OANDA:XAUUSD,4294.44,4297.325,4285.415,4288.82,38168.0
2026-06-08 09:00:00,OANDA:XAUUSD,4288.84,4302.01,4273.165,4294.455,36142.0
2026-06-08 10:00:00,OANDA:XAUUSD,4294.495,4305.94,4286.105,4302.19,31900.0
2026-06-08 11:00:00,OANDA:XAUUSD,4302.165,4333.455,4297.285,4331.425,41859.0
2026-06-08 12:00:00,OANDA:XAUUSD,4331.435,4339.505,4320.28,4333.34,41290.0
2026-06-08 13:00:00,OANDA:XAUUSD,4333.345,4346.88,4321.3,4327.185,67054.0
2026-06-08 14:00:00,OANDA:XAUUSD,4327.0,4331.705,4314.945,4331.01,59813.0
2026-06-08 15:00:00,OANDA:XAUUSD,4331.07,4345.775,4322.67,4341.84,39000.0
2026-06-08 16:00:00,OANDA:XAUUSD,4341.82,4346.4,4337.89,4340.775,41759.0
2026-06-08 17:00:00,OANDA:XAUUSD,4340.81,4342.525,4332.025,4339.2,45341.0
2026-06-08 18:00:00,OANDA:XAUUSD,4339.225,4346.005,4333.025,4334.79,29849.0
2026-06-08 19:00:00,OANDA:XAUUSD,4334.81,4338.295,4323.365,4326.63,33620.0
2026-06-08 20:00:00,OANDA:XAUUSD,4326.615,4330.4,4324.59,4330.065,10360.0
2026-06-08 22:00:00,OANDA:XAUUSD,4326.5,4328.93,4322.88,4327.91,7505.0
2026-06-08 23:00:00,OANDA:XAUUSD,4327.94,4328.915,4312.96,4317.88,13946.0
2026-06-09 00:00:00,OANDA:XAUUSD,4317.71,4323.775,4315.125,4320.045,33883.0
2026-06-09 01:00:00,OANDA:XAUUSD,4320.025,4338.945,4318.66,4336.465,36238.0
2026-06-09 02:00:00,OANDA:XAUUSD,4336.515,4341.005,4328.315,4336.275,25841.0
2026-06-09 03:00:00,OANDA:XAUUSD,4336.27,4342.275,4331.275,4336.565,22616.0
2026-06-09 04:00:00,OANDA:XAUUSD,4336.57,4339.36,4324.33,4332.585,13961.0
2026-06-09 05:00:00,OANDA:XAUUSD,4332.625,4351.56,4330.83,4343.67,25822.0
2026-06-09 06:00:00,OANDA:XAUUSD,4343.655,4348.995,4330.225,4330.725,27916.0
2026-06-09 07:00:00,OANDA:XAUUSD,4330.69,4334.895,4322.365,4326.83,27998.0
2026-06-09 08:00:00,OANDA:XAUUSD,4326.84,4337.02,4321.32,4326.695,25877.0
2026-06-09 09:00:00,OANDA:XAUUSD,4326.69,4336.32,4324.19,4332.225,18935.0
2026-06-09 10:00:00,OANDA:XAUUSD,4332.24,4340.965,4325.2,4339.275,18910.0
2026-06-09 11:00:00,OANDA:XAUUSD,4339.31,4343.86,4335.74,4340.02,15901.0
2026-06-09 12:00:00,OANDA:XAUUSD,4340.015,4344.39,4334.97,4341.555,27058.0
2026-06-09 13:00:00,OANDA:XAUUSD,4341.57,4363.72,4325.285,4329.075,51779.0
2026-06-09 14:00:00,OANDA:XAUUSD,4329.055,4336.22,4278.58,4300.535,100301.0
2026-06-09 15:00:00,OANDA:XAUUSD,4300.645,4302.235,4263.29,4272.46,95175.0
2026-06-09 16:00:00,OANDA:XAUUSD,4272.385,4281.295,4236.7,4252.165,131448.0
2026-06-09 17:00:00,OANDA:XAUUSD,4252.19,4268.235,4251.395,4263.13,82728.0
2026-06-09 18:00:00,OANDA:XAUUSD,4263.12,4274.345,4259.585,4270.105,45926.0
2026-06-09 19:00:00,OANDA:XAUUSD,4270.155,4271.675,4249.96,4258.815,52616.0
2026-06-09 20:00:00,OANDA:XAUUSD,4258.85,4262.195,4255.69,4259.965,12595.0
2026-06-09 22:00:00,OANDA:XAUUSD,4256.145,4257.605,4232.475,4237.52,19270.0
2026-06-09 23:00:00,OANDA:XAUUSD,4237.495,4247.43,4210.505,4222.155,31628.0
2026-06-10 00:00:00,OANDA:XAUUSD,4222.165,4228.5,4199.025,4218.42,51412.0
2026-06-10 01:00:00,OANDA:XAUUSD,4218.435,4219.2,4183.89,4188.7,64350.0
2026-06-10 02:00:00,OANDA:XAUUSD,4188.715,4192.455,4173.265,4173.98,45935.0
2026-06-10 03:00:00,OANDA:XAUUSD,4173.89,4186.555,4173.115,4184.92,30289.0
2026-06-10 04:00:00,OANDA:XAUUSD,4184.92,4187.215,4172.565,4174.855,25115.0
2026-06-10 05:00:00,OANDA:XAUUSD,4174.895,4209.155,4173.57,4205.25,41654.0
2026-06-10 06:00:00,OANDA:XAUUSD,4205.21,4222.005,4201.835,4204.005,40805.0
2026-06-10 07:00:00,OANDA:XAUUSD,4203.995,4208.14,4181.59,4186.085,35650.0
2026-06-10 08:00:00,OANDA:XAUUSD,4186.065,4187.385,4161.47,4169.135,50877.0
2026-06-10 09:00:00,OANDA:XAUUSD,4169.11,4179.65,4163.195,4168.75,38406.0
2026-06-10 10:00:00,OANDA:XAUUSD,4168.755,4178.785,4155.715,4174.81,36564.0
2026-06-10 11:00:00,OANDA:XAUUSD,4174.835,4176.325,4145.865,4147.79,63978.0
2026-06-10 12:00:00,OANDA:XAUUSD,4147.785,4173.98,4130.62,4147.235,86621.0
2026-06-10 13:00:00,OANDA:XAUUSD,4147.29,4186.42,4133.065,4179.605,105965.0
2026-06-10 14:00:00,OANDA:XAUUSD,4179.695,4181.215,4117.78,4125.0,92742.0
2026-06-10 15:00:00,OANDA:XAUUSD,4124.985,4137.06,4107.03,4128.92,108166.0
2026-06-10 16:00:00,OANDA:XAUUSD,4128.98,4135.385,4116.16,4122.13,79215.0
2026-06-10 17:00:00,OANDA:XAUUSD,4122.085,4135.08,4100.985,4111.72,64716.0
2026-06-10 18:00:00,OANDA:XAUUSD,4111.78,4120.51,4097.095,4101.67,51443.0
2026-06-10 19:00:00,OANDA:XAUUSD,4101.69,4102.25,4081.73,4082.775,56670.0
2026-06-10 20:00:00,OANDA:XAUUSD,4082.75,4083.185,4067.24,4072.015,22864.0
2026-06-10 22:00:00,OANDA:XAUUSD,4061.7,4069.38,4036.06,4046.485,38856.0
2026-06-10 23:00:00,OANDA:XAUUSD,4046.53,4064.965,4023.87,4047.445,41063.0
2026-06-11 00:00:00,OANDA:XAUUSD,4047.475,4078.15,4036.03,4075.92,77131.0
2026-06-11 01:00:00,OANDA:XAUUSD,4075.725,4118.395,4066.315,4101.91,78627.0
2026-06-11 02:00:00,OANDA:XAUUSD,4102.065,4102.815,4052.295,4068.03,63128.0
2026-06-11 03:00:00,OANDA:XAUUSD,4068.055,4078.705,4057.04,4072.675,39829.0
2026-06-11 04:00:00,OANDA:XAUUSD,4072.665,4086.155,4070.26,4082.93,27826.0
2026-06-11 05:00:00,OANDA:XAUUSD,4082.935,4106.325,4072.885,4094.355,38880.0
2026-06-11 06:00:00,OANDA:XAUUSD,4094.28,4097.58,4076.52,4094.485,33954.0
2026-06-11 07:00:00,OANDA:XAUUSD,4094.49,4110.64,4091.845,4104.925,37181.0
2026-06-11 08:00:00,OANDA:XAUUSD,4104.845,4112.725,4084.7,4084.715,35862.0
2026-06-11 09:00:00,OANDA:XAUUSD,4084.71,4096.54,4077.645,4091.745,26825.0
2026-06-11 10:00:00,OANDA:XAUUSD,4091.695,4094.74,4086.71,4090.07,22926.0
2026-06-11 11:00:00,OANDA:XAUUSD,4090.065,4096.07,4079.975,4080.395,34500.0
2026-06-11 12:00:00,OANDA:XAUUSD,4080.5,4087.31,4057.55,4081.97,65297.0
2026-06-11 13:00:00,OANDA:XAUUSD,4081.98,4092.92,4067.285,4083.235,88003.0
2026-06-11 14:00:00,OANDA:XAUUSD,4083.275,4085.57,4052.975,4073.41,91569.0
2026-06-11 15:00:00,OANDA:XAUUSD,4073.405,4095.655,4070.38,4088.905,73020.0
2026-06-11 16:00:00,OANDA:XAUUSD,4088.905,4107.755,4078.03,4080.375,57738.0
2026-06-11 17:00:00,OANDA:XAUUSD,4080.38,4170.095,4072.02,4151.895,119056.0
2026-06-11 18:00:00,OANDA:XAUUSD,4151.925,4171.76,4131.455,4161.87,105890.0
2026-06-11 19:00:00,OANDA:XAUUSD,4161.94,4220.22,4161.94,4208.91,91176.0
2026-06-11 20:00:00,OANDA:XAUUSD,4208.97,4218.69,4208.17,4211.195,25413.0
2026-06-11 22:00:00,OANDA:XAUUSD,4208.535,4246.715,4205.51,4243.515,25075.0
2026-06-11 23:00:00,OANDA:XAUUSD,4243.505,4246.09,4214.28,4219.915,29203.0
2026-06-12 00:00:00,OANDA:XAUUSD,4219.815,4230.53,4200.875,4208.435,53214.0
2026-06-12 01:00:00,OANDA:XAUUSD,4208.405,4210.98,4171.405,4186.71,57754.0
2026-06-12 02:00:00,OANDA:XAUUSD,4186.645,4200.03,4182.91,4191.475,30935.0
2026-06-12 03:00:00,OANDA:XAUUSD,4191.375,4204.995,4189.425,4197.17,23229.0
2026-06-12 04:00:00,OANDA:XAUUSD,4197.195,4201.27,4189.685,4189.92,14947.0
2026-06-12 05:00:00,OANDA:XAUUSD,4189.885,4193.03,4171.005,4173.47,34266.0
2026-06-12 06:00:00,OANDA:XAUUSD,4173.51,4185.77,4172.385,4184.12,33176.0
2026-06-12 07:00:00,OANDA:XAUUSD,4184.05,4194.53,4170.29,4194.53,35532.0
2026-06-12 08:00:00,OANDA:XAUUSD,4194.495,4226.13,4192.165,4219.545,58411.0
2026-06-12 09:00:00,OANDA:XAUUSD,4219.55,4228.07,4217.45,4221.995,35848.0
2026-06-12 10:00:00,OANDA:XAUUSD,4222.01,4225.71,4202.945,4211.055,33288.0
2026-06-12 11:00:00,OANDA:XAUUSD,4211.005,4215.43,4197.735,4206.915,28107.0
2026-06-12 12:00:00,OANDA:XAUUSD,4206.93,4215.43,4188.59,4191.76,39322.0
2026-06-12 13:00:00,OANDA:XAUUSD,4191.795,4210.325,4182.88,4186.575,85849.0
2026-06-12 14:00:00,OANDA:XAUUSD,4186.545,4208.62,4177.25,4204.07,88748.0
2026-06-12 15:00:00,OANDA:XAUUSD,4204.065,4235.69,4200.38,4212.12,73683.0
2026-06-12 16:00:00,OANDA:XAUUSD,4212.155,4233.085,4208.2,4216.155,69637.0
2026-06-12 17:00:00,OANDA:XAUUSD,4216.19,4226.525,4214.03,4221.515,43835.0
2026-06-12 18:00:00,OANDA:XAUUSD,4221.535,4235.485,4214.215,4215.625,40654.0
2026-06-12 19:00:00,OANDA:XAUUSD,4215.575,4219.565,4201.82,4210.8,39290.0
2026-06-12 20:00:00,OANDA:XAUUSD,4210.78,4219.52,4209.505,4218.56,11204.0
2026-06-14 22:00:00,OANDA:XAUUSD,4301.665,4309.19,4280.395,4285.675,26344.0
2026-06-14 23:00:00,OANDA:XAUUSD,4285.705,4295.225,4281.24,4294.04,14962.0
2026-06-15 00:00:00,OANDA:XAUUSD,4294.045,4308.42,4291.635,4292.545,25251.0
2026-06-15 01:00:00,OANDA:XAUUSD,4292.635,4319.715,4285.32,4316.94,46727.0
2026-06-15 02:00:00,OANDA:XAUUSD,4316.905,4335.57,4316.28,4329.65,25146.0
2026-06-15 03:00:00,OANDA:XAUUSD,4329.64,4331.395,4321.26,4325.1,18953.0
2026-06-15 04:00:00,OANDA:XAUUSD,4325.195,4330.44,4320.76,4328.345,10852.0
2026-06-15 05:00:00,OANDA:XAUUSD,4328.33,4333.05,4307.57,4310.135,21491.0
2026-06-15 06:00:00,OANDA:XAUUSD,4310.15,4313.48,4301.005,4308.125,29329.0
2026-06-15 07:00:00,OANDA:XAUUSD,4308.185,4325.375,4305.41,4323.24,25345.0
2026-06-15 08:00:00,OANDA:XAUUSD,4323.22,4345.555,4321.875,4334.14,26654.0
2026-06-15 09:00:00,OANDA:XAUUSD,4334.145,4343.285,4334.145,4336.78,21398.0
2026-06-15 10:00:00,OANDA:XAUUSD,4336.885,4341.585,4335.4,4338.31,15368.0
2026-06-15 11:00:00,OANDA:XAUUSD,4338.31,4347.575,4331.99,4335.505,22235.0
2026-06-15 12:00:00,OANDA:XAUUSD,4335.525,4349.41,4324.8,4349.15,31256.0
2026-06-15 13:00:00,OANDA:XAUUSD,4349.135,4369.085,4341.32,4355.215,55163.0
2026-06-15 14:00:00,OANDA:XAUUSD,4355.2,4369.665,4353.91,4356.89,52954.0
2026-06-15 15:00:00,OANDA:XAUUSD,4356.88,4360.855,4349.655,4356.345,35372.0
2026-06-15 16:00:00,OANDA:XAUUSD,4356.395,4358.825,4334.65,4339.19,28606.0
2026-06-15 17:00:00,OANDA:XAUUSD,4339.26,4339.26,4320.545,4324.955,30858.0
2026-06-15 18:00:00,OANDA:XAUUSD,4324.965,4328.015,4318.06,4325.75,22011.0
2026-06-15 19:00:00,OANDA:XAUUSD,4325.68,4326.825,4316.73,4320.71,22517.0
2026-06-15 20:00:00,OANDA:XAUUSD,4320.725,4322.095,4306.545,4308.85,11254.0
2026-06-15 22:00:00,OANDA:XAUUSD,4312.985,4315.44,4306.11,4312.215,10025.0
2026-06-15 23:00:00,OANDA:XAUUSD,4312.22,4319.33,4311.485,4315.705,10672.0
2026-06-16 00:00:00,OANDA:XAUUSD,4315.665,4320.955,4306.985,4319.295,20381.0
2026-06-16 01:00:00,OANDA:XAUUSD,4319.305,4326.02,4312.27,4313.6,32646.0
2026-06-16 02:00:00,OANDA:XAUUSD,4313.615,4321.08,4307.7,4318.855,17493.0
2026-06-16 03:00:00,OANDA:XAUUSD,4318.805,4333.375,4315.515,4330.475,15854.0
2026-06-16 04:00:00,OANDA:XAUUSD,4330.45,4332.245,4321.315,4322.63,13724.0
2026-06-16 05:00:00,OANDA:XAUUSD,4322.65,4331.0,4314.24,4315.84,21252.0
2026-06-16 06:00:00,OANDA:XAUUSD,4315.825,4324.525,4313.53,4323.835,20250.0
2026-06-16 07:00:00,OANDA:XAUUSD,4323.99,4335.585,4322.665,4335.105,21220.0
2026-06-16 08:00:00,OANDA:XAUUSD,4335.1,4348.105,4332.715,4347.02,20365.0
2026-06-16 09:00:00,OANDA:XAUUSD,4347.03,4348.505,4338.41,4345.205,18789.0
2026-06-16 10:00:00,OANDA:XAUUSD,4345.2,4349.14,4342.34,4349.14,13652.0
2026-06-16 11:00:00,OANDA:XAUUSD,4349.045,4349.655,4335.165,4341.005,19476.0
2026-06-16 12:00:00,OANDA:XAUUSD,4341.025,4354.95,4337.5,4354.66,28473.0
2026-06-16 13:00:00,OANDA:XAUUSD,4354.57,4354.835,4331.67,4331.855,41810.0
2026-06-16 14:00:00,OANDA:XAUUSD,4331.82,4338.89,4313.32,4324.19,48743.0
2026-06-16 15:00:00,OANDA:XAUUSD,4324.11,4343.445,4321.025,4335.35,39758.0
2026-06-16 16:00:00,OANDA:XAUUSD,4335.305,4347.145,4334.975,4340.6,31532.0
2026-06-16 17:00:00,OANDA:XAUUSD,4340.57,4341.2,4325.37,4340.215,28195.0
2026-06-16 18:00:00,OANDA:XAUUSD,4340.235,4342.94,4336.235,4338.58,19677.0
2026-06-16 19:00:00,OANDA:XAUUSD,4338.66,4342.92,4330.69,4334.105,27469.0
2026-06-16 20:00:00,OANDA:XAUUSD,4334.06,4335.015,4329.69,4331.28,9878.0
2026-06-16 22:00:00,OANDA:XAUUSD,4331.69,4336.255,4328.975,4335.45,6903.0
2026-06-16 23:00:00,OANDA:XAUUSD,4335.445,4338.57,4329.58,4331.025,6342.0
2026-06-17 00:00:00,OANDA:XAUUSD,4331.03,4341.785,4328.615,4337.06,17420.0
2026-06-17 01:00:00,OANDA:XAUUSD,4336.995,4349.605,4334.265,4340.955,23764.0
2026-06-17 02:00:00,OANDA:XAUUSD,4340.965,4344.545,4329.74,4331.73,18451.0
2026-06-17 03:00:00,OANDA:XAUUSD,4331.72,4334.29,4328.79,4332.305,12899.0
2026-06-17 04:00:00,OANDA:XAUUSD,4332.31,4334.18,4317.665,4326.845,12166.0
2026-06-17 05:00:00,OANDA:XAUUSD,4326.87,4334.285,4321.125,4326.685,17320.0
2026-06-17 06:00:00,OANDA:XAUUSD,4326.81,4331.92,4320.575,4331.82,20043.0
2026-06-17 07:00:00,OANDA:XAUUSD,4331.785,4332.825,4324.73,4325.275,18021.0
2026-06-17 08:00:00,OANDA:XAUUSD,4325.325,4328.08,4317.19,4324.72,21141.0
2026-06-17 09:00:00,OANDA:XAUUSD,4324.67,4335.81,4321.29,4329.64,18852.0
2026-06-17 10:00:00,OANDA:XAUUSD,4329.64,4335.225,4326.735,4331.49,18714.0
2026-06-17 11:00:00,OANDA:XAUUSD,4331.58,4332.165,4321.04,4323.285,19927.0
2026-06-17 12:00:00,OANDA:XAUUSD,4323.315,4335.79,4319.94,4333.68,21002.0
2026-06-17 13:00:00,OANDA:XAUUSD,4333.675,4345.27,4324.09,4339.705,38917.0
2026-06-17 14:00:00,OANDA:XAUUSD,4339.695,4364.09,4330.95,4344.7,59442.0
2026-06-17 15:00:00,OANDA:XAUUSD,4344.67,4364.935,4343.82,4363.575,36297.0
2026-06-17 16:00:00,OANDA:XAUUSD,4363.545,4366.555,4355.14,4359.515,18925.0
2026-06-17 17:00:00,OANDA:XAUUSD,4359.505,4382.615,4355.335,4379.55,33076.0
2026-06-17 18:00:00,OANDA:XAUUSD,4379.505,4379.505,4270.2,4286.52,183446.0
2026-06-17 19:00:00,OANDA:XAUUSD,4286.535,4295.7,4219.165,4236.055,150070.0
2026-06-17 20:00:00,OANDA:XAUUSD,4235.99,4269.855,4235.205,4257.65,38820.0
2026-06-17 22:00:00,OANDA:XAUUSD,4257.675,4271.645,4257.675,4267.02,16002.0
2026-06-17 23:00:00,OANDA:XAUUSD,4267.0,4283.89,4264.245,4278.08,19831.0
2026-06-18 00:00:00,OANDA:XAUUSD,4278.09,4315.39,4276.625,4308.39,40614.0
2026-06-18 01:00:00,OANDA:XAUUSD,4308.355,4328.545,4306.83,4318.045,40660.0
2026-06-18 02:00:00,OANDA:XAUUSD,4318.05,4329.865,4310.365,4310.96,25585.0
2026-06-18 03:00:00,OANDA:XAUUSD,4310.94,4322.73,4309.225,4319.635,16463.0
2026-06-18 04:00:00,OANDA:XAUUSD,4319.745,4324.055,4309.82,4315.68,13181.0
2026-06-18 05:00:00,OANDA:XAUUSD,4315.685,4324.91,4301.355,4308.105,25823.0
2026-06-18 06:00:00,OANDA:XAUUSD,4308.14,4310.035,4296.23,4306.66,32127.0
2026-06-18 07:00:00,OANDA:XAUUSD,4306.675,4309.375,4287.445,4288.645,25313.0
2026-06-18 08:00:00,OANDA:XAUUSD,4288.665,4293.015,4265.6,4266.965,30470.0
2026-06-18 09:00:00,OANDA:XAUUSD,4267.03,4273.365,4259.875,4268.64,27464.0
2026-06-18 10:00:00,OANDA:XAUUSD,4268.61,4272.985,4254.85,4255.66,29593.0
2026-06-18 11:00:00,OANDA:XAUUSD,4255.69,4255.995,4240.07,4242.04,35162.0
2026-06-18 12:00:00,OANDA:XAUUSD,4242.035,4269.225,4240.55,4246.79,45449.0
2026-06-18 13:00:00,OANDA:XAUUSD,4246.775,4276.745,4245.09,4256.755,67269.0
2026-06-18 14:00:00,OANDA:XAUUSD,4256.795,4257.98,4237.265,4252.345,70836.0
2026-06-18 15:00:00,OANDA:XAUUSD,4252.365,4254.845,4223.2,4226.69,62288.0
2026-06-18 16:00:00,OANDA:XAUUSD,4226.75,4233.465,4214.165,4219.65,47731.0
2026-06-18 17:00:00,OANDA:XAUUSD,4219.675,4233.225,4218.805,4230.29,35963.0
2026-06-18 18:00:00,OANDA:XAUUSD,4230.305,4233.235,4218.34,4218.605,34594.0
2026-06-18 19:00:00,OANDA:XAUUSD,4218.715,4219.29,4201.495,4217.205,40883.0
2026-06-18 20:00:00,OANDA:XAUUSD,4217.21,4219.685,4207.685,4208.995,14757.0
2026-06-18 22:00:00,OANDA:XAUUSD,4204.63,4210.695,4202.685,4207.54,8019.0
2026-06-18 23:00:00,OANDA:XAUUSD,4207.585,4208.55,4186.94,4188.445,17724.0
2026-06-19 00:00:00,OANDA:XAUUSD,4188.44,4198.245,4184.075,4190.62,28562.0
2026-06-19 01:00:00,OANDA:XAUUSD,4190.625,4194.665,4184.125,4184.995,17985.0
2026-06-19 02:00:00,OANDA:XAUUSD,4184.955,4186.335,4171.955,4176.425,20169.0
2026-06-19 03:00:00,OANDA:XAUUSD,4176.395,4177.355,4146.05,4153.68,20457.0
2026-06-19 04:00:00,OANDA:XAUUSD,4153.685,4155.33,4125.225,4125.685,27769.0
2026-06-19 05:00:00,OANDA:XAUUSD,4125.63,4141.84,4121.955,4139.77,25307.0
2026-06-19 06:00:00,OANDA:XAUUSD,4139.765,4150.87,4133.065,4147.775,28245.0
2026-06-19 07:00:00,OANDA:XAUUSD,4147.665,4163.355,4147.665,4158.215,22115.0
2026-06-19 08:00:00,OANDA:XAUUSD,4158.22,4178.525,4155.435,4169.325,24418.0
2026-06-19 09:00:00,OANDA:XAUUSD,4169.31,4171.08,4161.18,4163.025,17090.0
2026-06-19 10:00:00,OANDA:XAUUSD,4163.03,4163.285,4148.2,4149.835,19097.0
2026-06-19 11:00:00,OANDA:XAUUSD,4149.72,4155.105,4142.035,4152.71,20148.0
2026-06-19 12:00:00,OANDA:XAUUSD,4152.805,4180.12,4147.445,4179.07,33170.0
2026-06-19 13:00:00,OANDA:XAUUSD,4179.06,4183.125,4150.565,4151.54,37503.0
2026-06-19 14:00:00,OANDA:XAUUSD,4151.525,4154.765,4142.545,4149.485,24966.0
2026-06-19 15:00:00,OANDA:XAUUSD,4149.475,4154.155,4147.835,4151.25,16664.0
2026-06-19 16:00:00,OANDA:XAUUSD,4151.24,4157.985,4144.32,4155.405,16524.0
2026-06-21 22:00:00,OANDA:XAUUSD,4157.1,4160.11,4147.905,4156.44,17322.0
2026-06-21 23:00:00,OANDA:XAUUSD,4156.43,4164.945,4136.695,4140.385,22897.0
2026-06-22 00:00:00,OANDA:XAUUSD,4140.405,4201.24,4140.095,4201.185,46189.0
2026-06-22 01:00:00,OANDA:XAUUSD,4201.27,4221.37,4189.735,4191.225,64214.0
2026-06-22 02:00:00,OANDA:XAUUSD,4191.24,4200.29,4183.54,4188.575,29212.0
2026-06-22 03:00:00,OANDA:XAUUSD,4188.59,4190.065,4170.805,4171.635,22507.0
2026-06-22 04:00:00,OANDA:XAUUSD,4171.57,4182.345,4170.695,4181.945,15122.0
2026-06-22 05:00:00,OANDA:XAUUSD,4181.82,4198.66,4179.51,4193.96,27483.0
2026-06-22 06:00:00,OANDA:XAUUSD,4193.925,4207.355,4191.31,4197.59,33701.0
2026-06-22 07:00:00,OANDA:XAUUSD,4197.62,4201.945,4188.87,4190.49,24198.0
2026-06-22 08:00:00,OANDA:XAUUSD,4190.5,4197.945,4188.645,4197.455,26699.0
2026-06-22 09:00:00,OANDA:XAUUSD,4197.425,4210.215,4195.985,4208.23,27026.0
2026-06-22 10:00:00,OANDA:XAUUSD,4208.21,4214.42,4203.715,4204.795,18735.0
2026-06-22 11:00:00,OANDA:XAUUSD,4204.8,4215.255,4201.61,4207.555,24193.0
2026-06-22 12:00:00,OANDA:XAUUSD,4207.57,4212.0,4192.24,4193.295,26327.0
2026-06-22 13:00:00,OANDA:XAUUSD,4193.29,4205.8,4183.0,4199.875,62685.0
2026-06-22 14:00:00,OANDA:XAUUSD,4199.925,4210.78,4186.48,4198.385,64062.0
2026-06-22 15:00:00,OANDA:XAUUSD,4198.39,4201.455,4169.82,4182.805,48585.0
2026-06-22 16:00:00,OANDA:XAUUSD,4182.85,4193.23,4174.405,4190.13,29077.0
2026-06-22 17:00:00,OANDA:XAUUSD,4190.235,4191.725,4177.165,4183.235,25880.0
2026-06-22 18:00:00,OANDA:XAUUSD,4183.31,4192.915,4182.67,4191.34,22287.0
2026-06-22 19:00:00,OANDA:XAUUSD,4191.36,4193.47,4184.23,4190.755,24428.0
2026-06-22 20:00:00,OANDA:XAUUSD,4190.8,4193.835,4188.72,4191.69,7790.0
2026-06-22 22:00:00,OANDA:XAUUSD,4192.855,4194.86,4188.445,4189.975,7371.0
2026-06-22 23:00:00,OANDA:XAUUSD,4189.965,4195.255,4186.875,4187.615,7872.0
2026-06-23 00:00:00,OANDA:XAUUSD,4187.585,4194.74,4178.485,4193.49,26635.0
2026-06-23 01:00:00,OANDA:XAUUSD,4193.345,4198.605,4150.025,4161.305,51837.0
2026-06-23 02:00:00,OANDA:XAUUSD,4161.32,4163.4,4146.545,4146.99,29081.0
2026-06-23 03:00:00,OANDA:XAUUSD,4146.95,4149.95,4130.965,4144.195,29653.0
2026-06-23 04:00:00,OANDA:XAUUSD,4144.35,4147.065,4114.825,4118.325,18426.0
2026-06-23 05:00:00,OANDA:XAUUSD,4118.36,4137.595,4115.58,4121.245,40210.0
2026-06-23 06:00:00,OANDA:XAUUSD,4121.195,4127.17,4110.335,4114.49,48003.0
2026-06-23 07:00:00,OANDA:XAUUSD,4114.455,4124.92,4096.61,4098.98,50185.0
2026-06-23 08:00:00,OANDA:XAUUSD,4098.99,4111.05,4091.03,4105.34,43925.0
2026-06-23 09:00:00,OANDA:XAUUSD,4105.32,4122.375,4103.945,4122.375,28607.0
2026-06-23 10:00:00,OANDA:XAUUSD,4122.42,4133.48,4119.565,4119.68,32900.0
2026-06-23 11:00:00,OANDA:XAUUSD,4119.67,4132.11,4117.44,4123.405,34206.0
2026-06-23 12:00:00,OANDA:XAUUSD,4123.445,4127.48,4111.72,4113.305,40887.0
2026-06-23 13:00:00,OANDA:XAUUSD,4113.295,4140.39,4105.43,4135.39,72569.0
2026-06-23 14:00:00,OANDA:XAUUSD,4135.35,4145.215,4122.775,4130.08,71865.0
2026-06-23 15:00:00,OANDA:XAUUSD,4130.075,4141.82,4123.485,4138.71,53457.0
2026-06-23 16:00:00,OANDA:XAUUSD,4138.755,4143.94,4131.645,4134.385,29357.0
2026-06-23 17:00:00,OANDA:XAUUSD,4134.355,4139.955,4127.79,4128.1,29371.0
2026-06-23 18:00:00,OANDA:XAUUSD,4128.12,4131.16,4112.88,4117.88,25733.0
2026-06-23 19:00:00,OANDA:XAUUSD,4117.895,4126.215,4111.675,4111.795,38801.0
2026-06-23 20:00:00,OANDA:XAUUSD,4111.845,4113.035,4107.53,4110.745,13154.0
2026-06-23 22:00:00,OANDA:XAUUSD,4111.71,4115.235,4097.01,4104.275,23094.0
2026-06-23 23:00:00,OANDA:XAUUSD,4104.26,4104.355,4080.895,4099.25,31118.0
2026-06-24 00:00:00,OANDA:XAUUSD,4099.27,4112.135,4093.82,4097.5,43356.0
2026-06-24 01:00:00,OANDA:XAUUSD,4097.55,4102.51,4068.52,4089.075,67109.0
2026-06-24 02:00:00,OANDA:XAUUSD,4088.96,4096.335,4052.07,4061.275,44603.0
2026-06-24 03:00:00,OANDA:XAUUSD,4061.22,4070.705,4050.47,4062.835,38964.0
2026-06-24 04:00:00,OANDA:XAUUSD,4062.87,4067.34,4055.035,4064.635,29208.0
2026-06-24 05:00:00,OANDA:XAUUSD,4064.475,4086.24,4060.86,4075.85,34957.0
2026-06-24 06:00:00,OANDA:XAUUSD,4075.74,4097.73,4075.63,4087.135,44055.0
2026-06-24 07:00:00,OANDA:XAUUSD,4087.075,4090.845,4073.795,4074.925,30135.0
2026-06-24 08:00:00,OANDA:XAUUSD,4074.94,4087.76,4073.185,4076.385,28471.0
2026-06-24 09:00:00,OANDA:XAUUSD,4076.39,4079.36,4064.26,4064.655,27509.0
2026-06-24 10:00:00,OANDA:XAUUSD,4064.82,4066.96,4054.6,4055.805,31312.0
2026-06-24 11:00:00,OANDA:XAUUSD,4055.855,4058.615,4037.585,4046.78,50319.0
2026-06-24 12:00:00,OANDA:XAUUSD,4046.765,4048.86,3987.655,3987.93,72949.0
2026-06-24 13:00:00,OANDA:XAUUSD,3988.115,4042.26,3964.645,4038.365,126230.0
2026-06-24 14:00:00,OANDA:XAUUSD,4038.33,4041.025,4003.075,4008.05,89792.0
2026-06-24 15:00:00,OANDA:XAUUSD,4008.17,4016.97,3997.37,4002.635,62681.0
2026-06-24 16:00:00,OANDA:XAUUSD,4002.605,4022.435,3995.615,4006.845,54998.0
2026-06-24 17:00:00,OANDA:XAUUSD,4006.865,4011.49,3972.78,3972.9,68466.0
2026-06-24 18:00:00,OANDA:XAUUSD,3973.035,3994.34,3959.08,3981.535,73663.0
2026-06-24 19:00:00,OANDA:XAUUSD,3981.74,3990.875,3973.67,3988.055,51361.0
2026-06-24 20:00:00,OANDA:XAUUSD,3988.07,4003.0,3984.71,3999.5,29631.0
2026-06-24 22:00:00,OANDA:XAUUSD,4006.955,4007.825,3992.905,3996.475,12851.0
2026-06-24 23:00:00,OANDA:XAUUSD,3996.5,4018.825,3990.87,4012.5,21130.0
2026-06-25 00:00:00,OANDA:XAUUSD,4012.47,4016.42,3978.5,3991.775,46465.0
2026-06-25 01:00:00,OANDA:XAUUSD,3991.71,4005.825,3972.425,3976.92,79489.0
2026-06-25 02:00:00,OANDA:XAUUSD,3976.91,3991.35,3962.475,3982.83,54862.0
2026-06-25 03:00:00,OANDA:XAUUSD,3982.845,4001.125,3966.335,3995.365,42222.0
2026-06-25 04:00:00,OANDA:XAUUSD,3995.4,3997.76,3983.605,3996.225,28670.0
2026-06-25 05:00:00,OANDA:XAUUSD,3996.205,4000.215,3980.535,3986.73,41499.0
2026-06-25 06:00:00,OANDA:XAUUSD,3986.545,3989.465,3974.12,3977.655,41061.0
2026-06-25 07:00:00,OANDA:XAUUSD,3977.68,3989.765,3971.695,3987.835,36460.0
2026-06-25 08:00:00,OANDA:XAUUSD,3987.885,4002.11,3984.355,3989.17,36559.0
2026-06-25 09:00:00,OANDA:XAUUSD,3989.24,3997.72,3986.095,3988.245,27365.0
2026-06-25 10:00:00,OANDA:XAUUSD,3988.265,3989.52,3981.355,3984.39,19452.0
2026-06-25 11:00:00,OANDA:XAUUSD,3984.595,3987.86,3973.64,3980.14,25338.0
2026-06-25 12:00:00,OANDA:XAUUSD,3980.2,4019.38,3978.84,4012.67,66020.0
2026-06-25 13:00:00,OANDA:XAUUSD,4012.68,4034.225,4000.98,4002.365,94904.0
2026-06-25 14:00:00,OANDA:XAUUSD,4002.36,4028.55,3999.17,4011.925,95752.0
2026-06-25 15:00:00,OANDA:XAUUSD,4011.92,4042.755,4005.02,4041.525,79890.0
2026-06-25 16:00:00,OANDA:XAUUSD,4041.49,4044.085,4023.88,4028.73,47003.0
2026-06-25 17:00:00,OANDA:XAUUSD,4028.78,4036.83,4026.88,4034.725,40208.0
2026-06-25 18:00:00,OANDA:XAUUSD,4034.735,4044.14,4026.025,4034.8,43424.0
2026-06-25 19:00:00,OANDA:XAUUSD,4034.88,4043.87,4021.965,4026.83,38254.0
2026-06-25 20:00:00,OANDA:XAUUSD,4026.745,4035.155,4024.51,4026.92,13962.0
2026-06-25 22:00:00,OANDA:XAUUSD,4030.09,4036.505,4019.935,4026.44,18166.0
2026-06-25 23:00:00,OANDA:XAUUSD,4026.28,4030.535,4012.815,4014.555,16021.0
2026-06-26 00:00:00,OANDA:XAUUSD,4014.635,4024.735,4011.575,4020.495,36146.0
2026-06-26 01:00:00,OANDA:XAUUSD,4020.505,4030.015,4014.315,4020.915,44852.0
2026-06-26 02:00:00,OANDA:XAUUSD,4020.875,4023.355,3982.95,3990.61,35944.0
2026-06-26 03:00:00,OANDA:XAUUSD,3990.56,4006.685,3986.645,4004.52,31044.0
2026-06-26 04:00:00,OANDA:XAUUSD,4004.51,4015.295,3998.935,4011.705,25929.0
2026-06-26 05:00:00,OANDA:XAUUSD,4011.71,4021.57,4005.63,4008.19,29809.0
2026-06-26 06:00:00,OANDA:XAUUSD,4008.205,4033.185,4006.795,4032.115,40822.0
2026-06-26 07:00:00,OANDA:XAUUSD,4032.1,4039.875,4026.81,4030.565,24542.0
2026-06-26 08:00:00,OANDA:XAUUSD,4030.525,4037.805,4025.86,4030.94,24923.0
2026-06-26 09:00:00,OANDA:XAUUSD,4030.945,4054.16,4029.59,4047.185,30610.0
2026-06-26 10:00:00,OANDA:XAUUSD,4047.175,4054.995,4042.42,4054.705,20448.0
2026-06-26 11:00:00,OANDA:XAUUSD,4054.73,4055.76,4042.61,4045.965,23019.0
2026-06-26 12:00:00,OANDA:XAUUSD,4045.985,4061.615,4035.935,4058.99,31772.0
2026-06-26 13:00:00,OANDA:XAUUSD,4059.035,4078.265,4043.23,4073.77,87952.0
2026-06-26 14:00:00,OANDA:XAUUSD,4073.75,4093.15,4067.805,4080.585,70381.0
2026-06-26 15:00:00,OANDA:XAUUSD,4080.63,4095.985,4075.72,4090.625,41829.0
2026-06-26 16:00:00,OANDA:XAUUSD,4090.71,4093.785,4082.21,4085.2,29516.0
2026-06-26 17:00:00,OANDA:XAUUSD,4085.225,4088.215,4073.825,4074.85,28429.0
2026-06-26 18:00:00,OANDA:XAUUSD,4074.865,4079.02,4067.275,4067.46,19781.0
2026-06-26 19:00:00,OANDA:XAUUSD,4067.48,4074.695,4064.705,4071.815,26051.0
2026-06-26 20:00:00,OANDA:XAUUSD,4071.845,4091.205,4064.795,4088.385,25892.0
2026-06-28 22:00:00,OANDA:XAUUSD,4075.86,4083.82,4053.375,4066.425,22290.0
2026-06-28 23:00:00,OANDA:XAUUSD,4066.385,4070.545,4052.145,4063.115,20993.0
2026-06-29 00:00:00,OANDA:XAUUSD,4063.08,4074.33,4048.15,4069.41,45243.0
2026-06-29 01:00:00,OANDA:XAUUSD,4069.415,4074.75,4053.77,4061.6,50462.0
2026-06-29 02:00:00,OANDA:XAUUSD,4061.59,4071.85,4058.53,4066.24,35045.0
2026-06-29 03:00:00,OANDA:XAUUSD,4066.185,4076.015,4064.92,4068.895,24922.0
2026-06-29 04:00:00,OANDA:XAUUSD,4068.88,4069.125,4049.665,4052.335,20270.0
2026-06-29 05:00:00,OANDA:XAUUSD,4052.23,4057.505,4039.325,4054.475,38616.0
2026-06-29 06:00:00,OANDA:XAUUSD,4054.415,4064.88,4053.585,4062.365,31445.0
2026-06-29 07:00:00,OANDA:XAUUSD,4062.405,4068.83,4056.185,4061.72,24292.0
2026-06-29 08:00:00,OANDA:XAUUSD,4061.63,4066.78,4043.875,4047.28,27602.0
2026-06-29 09:00:00,OANDA:XAUUSD,4047.26,4055.485,4024.44,4031.66,30429.0
2026-06-29 10:00:00,OANDA:XAUUSD,4031.65,4039.855,4027.545,4037.015,22172.0
2026-06-29 11:00:00,OANDA:XAUUSD,4037.02,4042.34,4027.51,4039.285,21929.0
2026-06-29 12:00:00,OANDA:XAUUSD,4039.38,4052.61,4037.605,4043.75,25443.0
2026-06-29 13:00:00,OANDA:XAUUSD,4043.785,4051.935,4028.315,4032.265,45555.0
2026-06-29 14:00:00,OANDA:XAUUSD,4032.36,4035.62,4000.325,4025.745,72757.0
2026-06-29 15:00:00,OANDA:XAUUSD,4025.71,4030.525,4016.84,4026.96,38256.0
2026-06-29 16:00:00,OANDA:XAUUSD,4026.975,4028.765,4018.755,4023.975,21601.0
2026-06-29 17:00:00,OANDA:XAUUSD,4023.98,4032.17,4019.405,4021.055,20355.0
2026-06-29 18:00:00,OANDA:XAUUSD,4021.07,4025.41,4012.02,4013.58,14911.0
2026-06-29 19:00:00,OANDA:XAUUSD,4013.57,4019.675,4005.435,4015.955,21525.0
2026-06-29 20:00:00,OANDA:XAUUSD,4015.91,4018.115,4012.82,4016.955,6714.0
2026-06-29 22:00:00,OANDA:XAUUSD,4018.65,4022.455,4009.57,4014.235,9616.0
2026-06-29 23:00:00,OANDA:XAUUSD,4014.365,4022.505,4013.675,4015.1,12023.0
2026-06-30 00:00:00,OANDA:XAUUSD,4015.05,4015.4,3979.98,3987.34,36097.0
2026-06-30 01:00:00,OANDA:XAUUSD,3987.325,3987.505,3942.1,3969.76,69183.0
2026-06-30 02:00:00,OANDA:XAUUSD,3969.59,3973.645,3952.135,3963.13,45131.0
2026-06-30 03:00:00,OANDA:XAUUSD,3963.01,3971.42,3960.255,3970.06,32643.0
2026-06-30 04:00:00,OANDA:XAUUSD,3969.975,3998.27,3968.165,3985.585,25583.0
2026-06-30 05:00:00,OANDA:XAUUSD,3985.575,3991.02,3975.23,3978.05,30897.0
2026-06-30 06:00:00,OANDA:XAUUSD,3978.035,4034.325,3978.035,4029.625,54536.0
2026-06-30 07:00:00,OANDA:XAUUSD,4029.68,4034.86,4023.785,4032.28,24956.0
2026-06-30 08:00:00,OANDA:XAUUSD,4032.285,4037.665,4013.8,4015.725,30317.0
2026-06-30 09:00:00,OANDA:XAUUSD,4015.695,4023.955,4012.47,4023.955,18688.0
2026-06-30 10:00:00,OANDA:XAUUSD,4023.985,4031.385,4021.565,4029.895,17311.0
2026-06-30 11:00:00,OANDA:XAUUSD,4029.85,4037.43,4025.45,4034.05,24214.0
2026-06-30 12:00:00,OANDA:XAUUSD,4033.99,4034.56,4008.74,4009.97,30740.0
2026-06-30 13:00:00,OANDA:XAUUSD,4010.025,4033.46,4009.455,4029.375,65636.0
2026-06-30 14:00:00,OANDA:XAUUSD,4029.415,4063.48,4025.425,4037.405,68285.0
2026-06-30 15:00:00,OANDA:XAUUSD,4037.455,4039.53,4022.335,4029.365,45191.0
2026-06-30 16:00:00,OANDA:XAUUSD,4029.335,4034.015,4025.86,4026.175,20865.0
2026-06-30 17:00:00,OANDA:XAUUSD,4026.145,4032.265,4020.765,4030.885,21283.0
2026-06-30 18:00:00,OANDA:XAUUSD,4030.875,4033.925,4028.24,4028.55,15825.0
2026-06-30 19:00:00,OANDA:XAUUSD,4028.56,4029.605,4014.73,4015.97,25135.0
2026-06-30 20:00:00,OANDA:XAUUSD,4015.985,4021.265,4006.58,4007.525,15689.0
2026-06-30 22:00:00,OANDA:XAUUSD,4014.34,4018.175,4011.085,4013.245,7494.0
2026-06-30 23:00:00,OANDA:XAUUSD,4013.3,4018.505,4005.505,4005.835,12231.0
2026-07-01 00:00:00,OANDA:XAUUSD,4005.86,4009.915,3993.21,3996.72,25472.0
2026-07-01 01:00:00,OANDA:XAUUSD,3996.77,3999.9,3974.1,3977.995,48375.0
2026-07-01 02:00:00,OANDA:XAUUSD,3978.005,3986.25,3970.395,3979.395,28152.0
2026-07-01 03:00:00,OANDA:XAUUSD,3979.38,3987.095,3976.765,3980.58,18028.0
2026-07-01 04:00:00,OANDA:XAUUSD,3980.615,3982.985,3972.515,3976.7,16367.0
2026-07-01 05:00:00,OANDA:XAUUSD,3976.685,3979.15,3969.98,3974.13,25118.0
2026-07-01 06:00:00,OANDA:XAUUSD,3974.135,3977.605,3963.34,3971.99,27645.0
2026-07-01 07:00:00,OANDA:XAUUSD,3971.965,3978.585,3960.275,3976.065,28186.0
2026-07-01 08:00:00,OANDA:XAUUSD,3976.1,3984.555,3969.465,3974.665,22458.0
2026-07-01 09:00:00,OANDA:XAUUSD,3974.645,3986.145,3972.95,3984.545,18330.0
2026-07-01 10:00:00,OANDA:XAUUSD,3984.535,3998.75,3981.39,3998.41,17023.0
2026-07-01 11:00:00,OANDA:XAUUSD,3998.51,4035.595,3997.975,4030.475,34963.0
2026-07-01 12:00:00,OANDA:XAUUSD,4030.5,4034.045,4019.65,4022.905,40045.0
2026-07-01 13:00:00,OANDA:XAUUSD,4022.93,4108.205,4012.865,4089.65,100187.0
2026-07-01 14:00:00,OANDA:XAUUSD,4090.045,4115.81,4082.925,4093.46,79531.0
2026-07-01 15:00:00,OANDA:XAUUSD,4093.475,4094.665,4076.75,4081.16,44440.0
2026-07-01 16:00:00,OANDA:XAUUSD,4081.165,4088.435,4070.55,4071.285,35742.0
2026-07-01 17:00:00,OANDA:XAUUSD,4071.18,4073.725,4067.33,4068.21,30865.0
2026-07-01 18:00:00,OANDA:XAUUSD,4068.21,4070.85,4057.865,4062.19,23206.0
2026-07-01 19:00:00,OANDA:XAUUSD,4062.175,4068.365,4034.58,4038.88,28938.0
2026-07-01 20:00:00,OANDA:XAUUSD,4038.87,4039.83,4028.265,4031.705,20575.0
2026-07-01 22:00:00,OANDA:XAUUSD,4038.71,4045.155,4035.155,4045.035,7605.0
2026-07-01 23:00:00,OANDA:XAUUSD,4045.025,4045.185,4033.245,4035.325,11553.0
2026-07-02 00:00:00,OANDA:XAUUSD,4035.335,4052.795,4030.895,4052.095,27055.0
2026-07-02 01:00:00,OANDA:XAUUSD,4052.14,4068.73,4045.29,4050.32,42256.0
2026-07-02 02:00:00,OANDA:XAUUSD,4050.315,4061.065,4041.515,4057.085,26133.0
2026-07-02 03:00:00,OANDA:XAUUSD,4057.09,4074.235,4055.51,4070.03,22615.0
2026-07-02 04:00:00,OANDA:XAUUSD,4070.025,4073.325,4060.77,4060.87,16829.0
2026-07-02 05:00:00,OANDA:XAUUSD,4060.885,4067.865,4053.245,4066.275,24051.0
2026-07-02 06:00:00,OANDA:XAUUSD,4066.36,4079.92,4066.11,4073.275,35407.0
2026-07-02 07:00:00,OANDA:XAUUSD,4073.305,4075.585,4060.815,4064.375,26524.0
2026-07-02 08:00:00,OANDA:XAUUSD,4064.34,4080.12,4061.475,4076.19,29260.0
2026-07-02 09:00:00,OANDA:XAUUSD,4076.195,4077.225,4064.095,4065.275,20336.0
2026-07-02 10:00:00,OANDA:XAUUSD,4065.425,4068.8,4061.665,4066.365,17218.0
2026-07-02 11:00:00,OANDA:XAUUSD,4066.37,4072.325,4057.44,4065.33,22766.0
2026-07-02 12:00:00,OANDA:XAUUSD,4065.34,4140.525,4061.31,4117.58,81329.0
2026-07-02 13:00:00,OANDA:XAUUSD,4117.55,4144.08,4109.445,4136.79,99944.0
2026-07-02 14:00:00,OANDA:XAUUSD,4136.81,4138.265,4114.06,4128.655,79793.0
2026-07-02 15:00:00,OANDA:XAUUSD,4128.64,4131.665,4114.745,4128.54,64073.0
2026-07-02 16:00:00,OANDA:XAUUSD,4128.6,4130.39,4100.355,4118.185,44173.0
2026-07-02 17:00:00,OANDA:XAUUSD,4118.02,4120.045,4105.855,4106.89,38312.0
2026-07-02 18:00:00,OANDA:XAUUSD,4106.815,4127.09,4105.895,4122.75,32236.0
2026-07-02 19:00:00,OANDA:XAUUSD,4122.755,4124.485,4108.295,4121.425,28484.0
2026-07-02 20:00:00,OANDA:XAUUSD,4121.385,4125.19,4116.365,4123.605,9063.0
2026-07-02 22:00:00,OANDA:XAUUSD,4125.815,4128.335,4122.62,4124.745,4242.0
2026-07-02 23:00:00,OANDA:XAUUSD,4124.725,4135.08,4121.47,4126.105,13260.0
2026-07-03 00:00:00,OANDA:XAUUSD,4126.015,4151.14,4122.775,4147.115,36066.0
2026-07-03 01:00:00,OANDA:XAUUSD,4147.175,4195.51,4146.725,4182.51,51076.0
2026-07-03 02:00:00,OANDA:XAUUSD,4182.525,4186.86,4176.485,4183.425,21739.0
2026-07-03 03:00:00,OANDA:XAUUSD,4183.4,4184.62,4175.205,4176.07,14636.0
2026-07-03 04:00:00,OANDA:XAUUSD,4176.02,4183.06,4173.085,4179.065,9110.0
2026-07-03 05:00:00,OANDA:XAUUSD,4179.055,4182.08,4169.165,4171.335,16435.0
2026-07-03 06:00:00,OANDA:XAUUSD,4171.33,4174.515,4160.415,4173.11,22495.0
2026-07-03 07:00:00,OANDA:XAUUSD,4173.145,4181.665,4169.39,4177.535,18191.0
2026-07-03 08:00:00,OANDA:XAUUSD,4177.55,4186.655,4176.9,4181.14,19502.0
2026-07-03 09:00:00,OANDA:XAUUSD,4181.09,4182.08,4168.57,4172.115,13987.0
2026-07-03 10:00:00,OANDA:XAUUSD,4172.08,4181.275,4170.865,4177.16,12987.0
2026-07-03 11:00:00,OANDA:XAUUSD,4177.09,4186.46,4175.64,4181.025,10883.0
2026-07-03 12:00:00,OANDA:XAUUSD,4181.04,4183.29,4172.255,4176.775,13445.0
2026-07-03 13:00:00,OANDA:XAUUSD,4176.905,4179.38,4163.705,4164.76,31762.0
2026-07-03 14:00:00,OANDA:XAUUSD,4164.9,4171.295,4155.41,4170.0,19242.0
2026-07-03 15:00:00,OANDA:XAUUSD,4169.99,4174.51,4164.54,4164.825,15090.0
2026-07-03 16:00:00,OANDA:XAUUSD,4164.815,4176.58,4163.0,4175.695,13390.0
2026-07-05 22:00:00,OANDA:XAUUSD,4180.345,4191.665,4177.305,4188.315,17952.0
2026-07-05 23:00:00,OANDA:XAUUSD,4188.31,4202.225,4177.22,4183.285,19994.0
2026-07-06 00:00:00,OANDA:XAUUSD,4183.275,4189.085,4170.295,4179.715,34854.0
2026-07-06 01:00:00,OANDA:XAUUSD,4179.525,4202.705,4172.795,4186.07,40886.0
2026-07-06 02:00:00,OANDA:XAUUSD,4186.265,4187.905,4168.71,4174.29,34969.0
2026-07-06 03:00:00,OANDA:XAUUSD,4174.215,4176.53,4161.175,4165.375,22762.0
2026-07-06 04:00:00,OANDA:XAUUSD,4165.36,4166.78,4157.525,4159.87,14507.0
2026-07-06 05:00:00,OANDA:XAUUSD,4159.85,4161.09,4144.83,4148.135,25811.0
2026-07-06 06:00:00,OANDA:XAUUSD,4148.13,4159.63,4145.91,4150.475,22039.0
2026-07-06 07:00:00,OANDA:XAUUSD,4150.465,4166.52,4147.255,4164.58,18989.0
2026-07-06 08:00:00,OANDA:XAUUSD,4164.68,4166.14,4147.265,4150.52,18377.0
2026-07-06 09:00:00,OANDA:XAUUSD,4150.53,4151.25,4136.555,4143.24,21347.0
2026-07-06 10:00:00,OANDA:XAUUSD,4143.225,4155.92,4142.095,4154.93,16010.0
2026-07-06 11:00:00,OANDA:XAUUSD,4154.885,4159.6,4151.54,4155.265,16278.0
2026-07-06 12:00:00,OANDA:XAUUSD,4155.28,4158.525,4131.52,4139.65,27329.0
2026-07-06 13:00:00,OANDA:XAUUSD,4139.66,4150.625,4136.055,4140.835,50631.0
2026-07-06 14:00:00,OANDA:XAUUSD,4140.1,4147.25,4128.51,4138.25,41843.0
2026-07-06 15:00:00,OANDA:XAUUSD,4138.23,4152.185,4137.54,4148.43,26457.0
2026-07-06 16:00:00,OANDA:XAUUSD,4148.48,4156.34,4140.295,4155.14,17561.0
2026-07-06 17:00:00,OANDA:XAUUSD,4155.15,4161.65,4150.455,4161.26,21629.0
2026-07-06 18:00:00,OANDA:XAUUSD,4161.295,4167.59,4155.435,4164.08,16751.0
2026-07-06 19:00:00,OANDA:XAUUSD,4164.075,4165.53,4158.895,4163.81,18745.0
2026-07-06 20:00:00,OANDA:XAUUSD,4163.805,4165.17,4160.77,4165.115,7427.0
2026-07-06 22:00:00,OANDA:XAUUSD,4164.735,4168.65,4164.15,4164.275,6584.0
2026-07-06 23:00:00,OANDA:XAUUSD,4164.29,4165.77,4157.005,4157.425,8291.0
2026-07-07 00:00:00,OANDA:XAUUSD,4157.435,4162.75,4145.195,4146.13,28950.0
2026-07-07 01:00:00,OANDA:XAUUSD,4146.095,4148.07,4125.7,4141.91,31221.0
2026-07-07 02:00:00,OANDA:XAUUSD,4141.975,4145.39,4131.59,4136.815,23346.0
2026-07-07 03:00:00,OANDA:XAUUSD,4136.805,4140.35,4124.535,4131.3,26728.0
2026-07-07 04:00:00,OANDA:XAUUSD,4131.355,4141.415,4126.065,4126.835,18115.0
2026-07-07 05:00:00,OANDA:XAUUSD,4126.885,4131.535,4116.7,4124.15,26659.0
2026-07-07 06:00:00,OANDA:XAUUSD,4124.145,4133.03,4121.675,4130.54,25913.0
2026-07-07 07:00:00,OANDA:XAUUSD,4130.535,4133.665,4124.465,4124.815,17851.0
2026-07-07 08:00:00,OANDA:XAUUSD,4124.765,4139.395,4121.94,4126.08,24338.0
2026-07-07 09:00:00,OANDA:XAUUSD,4126.065,4133.9,4119.81,4131.235,21283.0
2026-07-07 10:00:00,OANDA:XAUUSD,4131.22,4138.875,4131.205,4135.83,17618.0
2026-07-07 11:00:00,OANDA:XAUUSD,4135.835,4158.36,4131.84,4157.175,21076.0
2026-07-07 12:00:00,OANDA:XAUUSD,4157.185,4175.085,4154.625,4172.4,34441.0
2026-07-07 13:00:00,OANDA:XAUUSD,4172.505,4180.52,4156.16,4158.71,53682.0
2026-07-07 14:00:00,OANDA:XAUUSD,4158.64,4163.95,4143.73,4154.32,61774.0
2026-07-07 15:00:00,OANDA:XAUUSD,4154.215,4155.7,4135.945,4139.055,34651.0
2026-07-07 16:00:00,OANDA:XAUUSD,4139.07,4147.31,4137.135,4145.235,21651.0
2026-07-07 17:00:00,OANDA:XAUUSD,4145.19,4148.345,4140.685,4144.575,25446.0
2026-07-07 18:00:00,OANDA:XAUUSD,4144.635,4145.365,4125.23,4127.105,32469.0
2026-07-07 19:00:00,OANDA:XAUUSD,4127.06,4127.88,4092.295,4114.215,63853.0
2026-07-07 20:00:00,OANDA:XAUUSD,4114.205,4115.905,4103.53,4106.12,11462.0
2026-07-07 22:00:00,OANDA:XAUUSD,4105.04,4106.35,4095.74,4098.375,12557.0
2026-07-07 23:00:00,OANDA:XAUUSD,4098.355,4108.01,4096.065,4098.775,17507.0
2026-07-08 00:00:00,OANDA:XAUUSD,4098.78,4126.82,4097.125,4111.74,37135.0
2026-07-08 01:00:00,OANDA:XAUUSD,4111.58,4117.89,4096.56,4111.23,50266.0
2026-07-08 02:00:00,OANDA:XAUUSD,4111.275,4125.11,4106.08,4114.57,29206.0
2026-07-08 03:00:00,OANDA:XAUUSD,4114.61,4131.22,4114.56,4123.55,24381.0
2026-07-08 04:00:00,OANDA:XAUUSD,4123.45,4128.955,4120.61,4125.295,17215.0
2026-07-08 05:00:00,OANDA:XAUUSD,4125.29,4133.99,4121.26,4127.925,27680.0
2026-07-08 06:00:00,OANDA:XAUUSD,4127.895,4133.805,4122.245,4123.67,33088.0
2026-07-08 07:00:00,OANDA:XAUUSD,4123.665,4127.27,4114.9,4121.36,26061.0
2026-07-08 08:00:00,OANDA:XAUUSD,4121.345,4121.365,4052.285,4057.005,90784.0
2026-07-08 09:00:00,OANDA:XAUUSD,4056.93,4061.105,4041.565,4043.515,53517.0
2026-07-08 10:00:00,OANDA:XAUUSD,4043.545,4058.77,4040.575,4053.165,34547.0
2026-07-08 11:00:00,OANDA:XAUUSD,4053.155,4072.845,4041.55,4062.335,39085.0
2026-07-08 12:00:00,OANDA:XAUUSD,4062.235,4086.445,4058.885,4072.325,51118.0
2026-07-08 13:00:00,OANDA:XAUUSD,4072.33,4083.185,4065.34,4070.895,83941.0
2026-07-08 14:00:00,OANDA:XAUUSD,4070.825,4071.585,4033.885,4040.915,76163.0
2026-07-08 15:00:00,OANDA:XAUUSD,4040.955,4043.96,4021.815,4034.46,68804.0
2026-07-08 16:00:00,OANDA:XAUUSD,4034.49,4064.48,4033.225,4063.87,62249.0
2026-07-08 17:00:00,OANDA:XAUUSD,4063.875,4076.495,4059.77,4065.53,39391.0
2026-07-08 18:00:00,OANDA:XAUUSD,4065.45,4091.67,4063.5,4084.285,46558.0
2026-07-08 19:00:00,OANDA:XAUUSD,4084.275,4091.375,4078.425,4080.055,43166.0
2026-07-08 20:00:00,OANDA:XAUUSD,4080.04,4083.64,4071.645,4077.12,16881.0
2026-07-08 22:00:00,OANDA:XAUUSD,4074.405,4079.885,4073.475,4076.57,12811.0
2026-07-08 23:00:00,OANDA:XAUUSD,4076.575,4077.905,4072.26,4076.285,8944.0
2026-07-09 00:00:00,OANDA:XAUUSD,4076.185,4090.02,4070.38,4073.97,29701.0
2026-07-09 01:00:00,OANDA:XAUUSD,4073.985,4078.895,4062.475,4073.09,35588.0
2026-07-09 02:00:00,OANDA:XAUUSD,4073.185,4082.83,4064.525,4065.195,27796.0
2026-07-09 03:00:00,OANDA:XAUUSD,4065.19,4067.8,4054.4,4064.25,23622.0
2026-07-09 04:00:00,OANDA:XAUUSD,4064.37,4064.705,4056.455,4064.405,14617.0
2026-07-09 05:00:00,OANDA:XAUUSD,4064.4,4084.325,4063.85,4082.02,29387.0
2026-07-09 06:00:00,OANDA:XAUUSD,4081.995,4108.185,4081.44,4108.04,33586.0
2026-07-09 07:00:00,OANDA:XAUUSD,4108.065,4111.24,4101.54,4107.95,23244.0
2026-07-09 08:00:00,OANDA:XAUUSD,4108.02,4118.005,4105.315,4108.34,21891.0
2026-07-09 09:00:00,OANDA:XAUUSD,4108.34,4112.52,4103.09,4106.355,19777.0
2026-07-09 10:00:00,OANDA:XAUUSD,4106.35,4110.22,4093.855,4099.23,19260.0
2026-07-09 11:00:00,OANDA:XAUUSD,4099.205,4110.59,4097.915,4108.61,25525.0
2026-07-09 12:00:00,OANDA:XAUUSD,4108.605,4122.63,4105.225,4107.69,30747.0
2026-07-09 13:00:00,OANDA:XAUUSD,4107.665,4129.59,4106.875,4122.085,42545.0
2026-07-09 14:00:00,OANDA:XAUUSD,4122.015,4136.605,4114.305,4127.84,43911.0
2026-07-09 15:00:00,OANDA:XAUUSD,4127.915,4132.84,4124.885,4126.885,29853.0
2026-07-09 16:00:00,OANDA:XAUUSD,4126.885,4138.035,4125.785,4128.155,25540.0
2026-07-09 17:00:00,OANDA:XAUUSD,4128.115,4138.06,4125.095,4136.24,26131.0
2026-07-09 18:00:00,OANDA:XAUUSD,4136.225,4136.48,4121.53,4124.59,18260.0
2026-07-09 19:00:00,OANDA:XAUUSD,4124.58,4127.06,4118.91,4122.56,17182.0
2026-07-09 20:00:00,OANDA:XAUUSD,4122.44,4125.745,4120.7,4123.79,8011.0
2026-07-09 22:00:00,OANDA:XAUUSD,4125.25,4127.815,4121.65,4121.9,6938.0
2026-07-09 23:00:00,OANDA:XAUUSD,4121.94,4125.24,4121.065,4123.535,6240.0
2026-07-10 00:00:00,OANDA:XAUUSD,4123.54,4128.47,4114.545,4126.51,18923.0
2026-07-10 01:00:00,OANDA:XAUUSD,4126.565,4131.26,4108.72,4116.895,32201.0
2026-07-10 02:00:00,OANDA:XAUUSD,4116.995,4129.105,4116.12,4127.77,17069.0
2026-07-10 03:00:00,OANDA:XAUUSD,4127.76,4134.92,4119.55,4120.355,15280.0
2026-07-10 04:00:00,OANDA:XAUUSD,4120.375,4121.285,4112.265,4115.32,16644.0
2026-07-10 05:00:00,OANDA:XAUUSD,4115.315,4117.285,4108.39,4116.89,20755.0
2026-07-10 06:00:00,OANDA:XAUUSD,4116.845,4120.19,4111.16,4111.785,19483.0
2026-07-10 07:00:00,OANDA:XAUUSD,4111.68,4115.52,4104.44,4109.07,13945.0
2026-07-10 08:00:00,OANDA:XAUUSD,4108.985,4109.65,4094.86,4098.03,17988.0
2026-07-10 09:00:00,OANDA:XAUUSD,4098.02,4105.625,4094.535,4104.5,12612.0
2026-07-10 10:00:00,OANDA:XAUUSD,4104.525,4112.815,4104.28,4104.67,11658.0
2026-07-10 11:00:00,OANDA:XAUUSD,4104.595,4108.205,4096.155,4102.415,12603.0
2026-07-10 12:00:00,OANDA:XAUUSD,4102.465,4117.585,4097.63,4100.765,22962.0
2026-07-10 13:00:00,OANDA:XAUUSD,4100.865,4106.765,4085.855,4099.995,37588.0
2026-07-10 14:00:00,OANDA:XAUUSD,4099.99,4109.145,4072.8,4092.94,56908.0
2026-07-10 15:00:00,OANDA:XAUUSD,4092.945,4113.595,4091.46,4113.115,35320.0
2026-07-10 16:00:00,OANDA:XAUUSD,4113.215,4115.51,4104.48,4104.525,20825.0
2026-07-10 17:00:00,OANDA:XAUUSD,4104.52,4107.035,4100.58,4100.785,17505.0
2026-07-10 18:00:00,OANDA:XAUUSD,4100.815,4105.58,4098.21,4101.375,16444.0
2026-07-10 19:00:00,OANDA:XAUUSD,4101.415,4109.155,4097.925,4108.465,16791.0
2026-07-10 20:00:00,OANDA:XAUUSD,4108.47,4121.375,4108.4,4120.67,8980.0
2026-07-12 22:00:00,OANDA:XAUUSD,4090.98,4094.82,4069.68,4076.745,20982.0
2026-07-12 23:00:00,OANDA:XAUUSD,4076.795,4084.885,4068.61,4084.7,24059.0
2026-07-13 00:00:00,OANDA:XAUUSD,4084.72,4091.295,4061.115,4074.105,39652.0
2026-07-13 01:00:00,OANDA:XAUUSD,4074.36,4089.905,4065.74,4072.59,54529.0
2026-07-13 02:00:00,OANDA:XAUUSD,4072.74,4077.405,4064.695,4068.735,41305.0
2026-07-13 03:00:00,OANDA:XAUUSD,4068.57,4069.545,4053.27,4060.66,25571.0
2026-07-13 04:00:00,OANDA:XAUUSD,4060.69,4060.69,4050.465,4058.95,21116.0
2026-07-13 05:00:00,OANDA:XAUUSD,4058.935,4073.27,4052.17,4053.76,41244.0
2026-07-13 06:00:00,OANDA:XAUUSD,4053.765,4063.72,4044.06,4055.655,37585.0
2026-07-13 07:00:00,OANDA:XAUUSD,4055.66,4065.225,4049.045,4065.055,25410.0
2026-07-13 08:00:00,OANDA:XAUUSD,4065.04,4080.845,4063.29,4074.585,36359.0
2026-07-13 09:00:00,OANDA:XAUUSD,4074.555,4076.715,4068.18,4068.43,21590.0
2026-07-13 10:00:00,OANDA:XAUUSD,4068.26,4070.705,4046.43,4060.815,25857.0
2026-07-13 11:00:00,OANDA:XAUUSD,4060.835,4068.63,4055.08,4056.525,30974.0
2026-07-13 12:00:00,OANDA:XAUUSD,4056.55,4067.6,4053.62,4067.56,34620.0
2026-07-13 13:00:00,OANDA:XAUUSD,4067.61,4067.8,4042.005,4043.425,59843.0
2026-07-13 14:00:00,OANDA:XAUUSD,4043.39,4047.025,4000.23,4015.415,102254.0
2026-07-13 15:00:00,OANDA:XAUUSD,4015.4,4020.355,4010.37,4016.09,46669.0
2026-07-13 16:00:00,OANDA:XAUUSD,4016.155,4018.115,3986.58,3993.5,66778.0
2026-07-13 17:00:00,OANDA:XAUUSD,3993.655,4002.025,3992.055,3993.27,48643.0
2026-07-13 18:00:00,OANDA:XAUUSD,3993.335,4005.215,3986.92,4001.51,42225.0
2026-07-13 19:00:00,OANDA:XAUUSD,4001.585,4004.615,3993.62,4002.07,39891.0
2026-07-13 20:00:00,OANDA:XAUUSD,4002.065,4006.245,3996.59,4001.185,15691.0
2026-07-13 22:00:00,OANDA:XAUUSD,4001.64,4005.925,4000.9,4001.075,8800.0
2026-07-13 23:00:00,OANDA:XAUUSD,4001.12,4003.18,3992.855,4001.26,14199.0
2026-07-14 00:00:00,OANDA:XAUUSD,4001.355,4007.41,3983.545,4004.285,58688.0
2026-07-14 01:00:00,OANDA:XAUUSD,4004.32,4012.385,3992.1,4010.58,58330.0
2026-07-14 02:00:00,OANDA:XAUUSD,4010.6,4019.235,4006.15,4012.515,33023.0
2026-07-14 03:00:00,OANDA:XAUUSD,4012.5,4019.25,4011.09,4017.13,23091.0
2026-07-14 04:00:00,OANDA:XAUUSD,4017.195,4023.575,4013.57,4020.26,15823.0
2026-07-14 05:00:00,OANDA:XAUUSD,4020.275,4034.25,4019.635,4031.42,22613.0
2026-07-14 06:00:00,OANDA:XAUUSD,4031.475,4033.35,4021.75,4024.06,24497.0
2026-07-14 07:00:00,OANDA:XAUUSD,4024.07,4029.965,4020.3,4020.83,28612.0
2026-07-14 08:00:00,OANDA:XAUUSD,4020.89,4024.03,4014.515,4016.065,28072.0
2026-07-14 09:00:00,OANDA:XAUUSD,4016.075,4024.6,4013.925,4021.745,28415.0
2026-07-14 10:00:00,OANDA:XAUUSD,4021.66,4023.015,4015.175,4021.875,23478.0
2026-07-14 11:00:00,OANDA:XAUUSD,4021.855,4031.915,4015.485,4031.185,31287.0
2026-07-14 12:00:00,OANDA:XAUUSD,4031.11,4104.05,4023.33,4076.225,78405.0
2026-07-14 13:00:00,OANDA:XAUUSD,4076.335,4088.795,4071.0,4076.63,90431.0
2026-07-14 14:00:00,OANDA:XAUUSD,4076.68,4090.655,4070.71,4085.16,78512.0
2026-07-14 15:00:00,OANDA:XAUUSD,4085.21,4100.685,4064.725,4066.415,71565.0
2026-07-14 16:00:00,OANDA:XAUUSD,4066.4,4067.31,4057.81,4061.625,39836.0
2026-07-14 17:00:00,OANDA:XAUUSD,4061.605,4065.17,4054.57,4062.885,27059.0
2026-07-14 18:00:00,OANDA:XAUUSD,4062.68,4063.195,4042.885,4054.35,31296.0
2026-07-14 19:00:00,OANDA:XAUUSD,4054.355,4057.395,4047.835,4055.84,25384.0
2026-07-14 20:00:00,OANDA:XAUUSD,4055.83,4056.575,4049.31,4052.775,9839.0
2026-07-14 22:00:00,OANDA:XAUUSD,4053.215,4053.24,4048.62,4049.05,8461.0
2026-07-14 23:00:00,OANDA:XAUUSD,4049.11,4056.215,4046.925,4053.035,10129.0
2026-07-15 00:00:00,OANDA:XAUUSD,4052.935,4060.845,4051.05,4059.295,23342.0
2026-07-15 01:00:00,OANDA:XAUUSD,4059.285,4062.125,4035.54,4037.43,35376.0
2026-07-15 02:00:00,OANDA:XAUUSD,4037.25,4042.305,4029.38,4035.335,23360.0
2026-07-15 03:00:00,OANDA:XAUUSD,4035.285,4040.455,4028.1,4031.4,19259.0
2026-07-15 04:00:00,OANDA:XAUUSD,4031.45,4035.315,4028.325,4033.245,11551.0
2026-07-15 05:00:00,OANDA:XAUUSD,4033.32,4037.16,4022.245,4034.84,22956.0
2026-07-15 06:00:00,OANDA:XAUUSD,4034.735,4035.63,4021.465,4032.1,28179.0
2026-07-15 07:00:00,OANDA:XAUUSD,4032.155,4034.485,4019.71,4024.615,27705.0
2026-07-15 08:00:00,OANDA:XAUUSD,4024.735,4033.29,4017.475,4031.35,26155.0
2026-07-15 09:00:00,OANDA:XAUUSD,4031.385,4034.475,4025.605,4030.31,15898.0
2026-07-15 10:00:00,OANDA:XAUUSD,4030.405,4036.14,4026.61,4028.27,20376.0
2026-07-15 11:00:00,OANDA:XAUUSD,4028.26,4040.25,4027.77,4038.435,18937.0
2026-07-15 12:00:00,OANDA:XAUUSD,4038.45,4071.595,4035.955,4067.85,49619.0
2026-07-15 13:00:00,OANDA:XAUUSD,4068.045,4074.175,4054.105,4061.69,59332.0
2026-07-15 14:00:00,OANDA:XAUUSD,4061.855,4066.07,4053.325,4060.61,48372.0
2026-07-15 15:00:00,OANDA:XAUUSD,4060.605,4063.01,4039.655,4046.985,47195.0
2026-07-15 16:00:00,OANDA:XAUUSD,4047.03,4048.02,4026.945,4033.83,52327.0
2026-07-15 17:00:00,OANDA:XAUUSD,4033.82,4066.3,4033.11,4062.36,42057.0
2026-07-15 18:00:00,OANDA:XAUUSD,4062.41,4081.52,4058.1,4059.29,39529.0
2026-07-15 19:00:00,OANDA:XAUUSD,4059.265,4063.055,4048.1,4057.12,28515.0
2026-07-15 20:00:00,OANDA:XAUUSD,4057.03,4063.225,4055.255,4060.695,8131.0
2026-07-15 22:00:00,OANDA:XAUUSD,4060.64,4064.71,4058.235,4059.68,8289.0
2026-07-15 23:00:00,OANDA:XAUUSD,4059.57,4062.075,4055.825,4058.02,10461.0
2026-07-16 00:00:00,OANDA:XAUUSD,4058.035,4061.21,4043.745,4044.605,26140.0
2026-07-16 01:00:00,OANDA:XAUUSD,4044.595,4050.735,4034.075,4039.14,55491.0
2026-07-16 02:00:00,OANDA:XAUUSD,4039.145,4040.21,4024.27,4031.525,36340.0
2026-07-16 03:00:00,OANDA:XAUUSD,4031.455,4037.075,4027.8,4036.385,25765.0
2026-07-16 04:00:00,OANDA:XAUUSD,4036.435,4038.045,4032.0,4033.305,15553.0
2026-07-16 05:00:00,OANDA:XAUUSD,4033.305,4034.13,4025.46,4027.445,31921.0
2026-07-16 06:00:00,OANDA:XAUUSD,4027.375,4036.62,4023.21,4030.705,30188.0
2026-07-16 07:00:00,OANDA:XAUUSD,4030.7,4031.99,4023.03,4030.805,24280.0
2026-07-16 08:00:00,OANDA:XAUUSD,4030.745,4036.645,4025.43,4035.29,27257.0
2026-07-16 09:00:00,OANDA:XAUUSD,4035.295,4037.98,4030.55,4031.755,23392.0
2026-07-16 10:00:00,OANDA:XAUUSD,4031.695,4034.805,4028.65,4029.565,19129.0
2026-07-16 11:00:00,OANDA:XAUUSD,4029.645,4042.43,4021.375,4038.465,31041.0
2026-07-16 12:00:00,OANDA:XAUUSD,4038.45,4043.36,3990.58,3992.54,67058.0
2026-07-16 13:00:00,OANDA:XAUUSD,3992.55,4008.485,3973.8,3990.265,83472.0
2026-07-16 14:00:00,OANDA:XAUUSD,3990.23,4006.815,3987.19,3997.92,56176.0
2026-07-16 15:00:00,OANDA:XAUUSD,3997.97,4017.03,3989.47,4007.125,41810.0
2026-07-16 16:00:00,OANDA:XAUUSD,4007.17,4007.775,3982.455,3992.05,52039.0
2026-07-16 17:00:00,OANDA:XAUUSD,3992.085,3992.99,3980.095,3984.71,48506.0
2026-07-16 18:00:00,OANDA:XAUUSD,3984.74,3990.51,3976.69,3980.36,42442.0
2026-07-16 19:00:00,OANDA:XAUUSD,3980.4,3986.13,3969.345,3980.085,45451.0
2026-07-16 20:00:00,OANDA:XAUUSD,3980.2,3980.27,3971.905,3976.58,12874.0
2026-07-16 22:00:00,OANDA:XAUUSD,3979.265,3979.325,3973.365,3978.445,10243.0
2026-07-16 23:00:00,OANDA:XAUUSD,3978.455,3986.585,3975.25,3986.105,18382.0
2026-07-17 00:00:00,OANDA:XAUUSD,3986.135,3992.06,3980.61,3992.0,41678.0
2026-07-17 01:00:00,OANDA:XAUUSD,3991.975,3996.3,3979.385,3983.44,46208.0
2026-07-17 02:00:00,OANDA:XAUUSD,3983.475,3987.52,3970.74,3979.19,35269.0
2026-07-17 03:00:00,OANDA:XAUUSD,3979.2,4008.795,3979.025,3991.435,37595.0
2026-07-17 04:00:00,OANDA:XAUUSD,3991.415,3991.765,3980.245,3981.97,25033.0
2026-07-17 05:00:00,OANDA:XAUUSD,3981.965,3991.54,3975.295,3985.2,38321.0
2026-07-17 06:00:00,OANDA:XAUUSD,3985.21,4007.295,3985.21,3999.475,43528.0
2026-07-17 07:00:00,OANDA:XAUUSD,3999.43,4002.76,3992.69,3992.775,30901.0
2026-07-17 08:00:00,OANDA:XAUUSD,3992.81,3999.985,3987.945,3994.265,39782.0
2026-07-17 09:00:00,OANDA:XAUUSD,3994.255,4002.455,3992.93,3998.055,30674.0
2026-07-17 10:00:00,OANDA:XAUUSD,3998.06,3999.23,3990.595,3990.995,24881.0
2026-07-17 11:00:00,OANDA:XAUUSD,3990.99,3998.805,3990.12,3994.225,25043.0
2026-07-17 12:00:00,OANDA:XAUUSD,3994.165,3995.71,3964.155,3966.32,47798.0
2026-07-17 13:00:00,OANDA:XAUUSD,3966.34,4003.745,3959.8,3997.37,109613.0
2026-07-17 14:00:00,OANDA:XAUUSD,3997.3,4004.605,3990.19,4001.365,94237.0
2026-07-17 15:00:00,OANDA:XAUUSD,4001.255,4021.345,3997.74,4019.2,73734.0
2026-07-17 16:00:00,OANDA:XAUUSD,4019.36,4023.835,4011.035,4014.98,49583.0
2026-07-17 17:00:00,OANDA:XAUUSD,4015.09,4019.27,4008.32,4010.14,34528.0
2026-07-17 18:00:00,OANDA:XAUUSD,4010.145,4016.26,4006.68,4011.385,36969.0
2026-07-17 19:00:00,OANDA:XAUUSD,4011.305,4016.605,4002.42,4015.475,40354.0
2026-07-17 20:00:00,OANDA:XAUUSD,4015.585,4019.04,4008.7,4017.315,18227.0
2026-07-19 22:00:00,OANDA:XAUUSD,3995.57,4002.31,3993.485,3994.725,18948.0
2026-07-19 23:00:00,OANDA:XAUUSD,3994.8,3996.2,3989.5,3995.515,18096.0
2026-07-20 00:00:00,OANDA:XAUUSD,3995.5,4010.325,3982.63,4008.695,41558.0
2026-07-20 01:00:00,OANDA:XAUUSD,4008.73,4021.1,3995.82,4002.215,55512.0
2026-07-20 02:00:00,OANDA:XAUUSD,4002.205,4028.94,4001.38,4022.015,48518.0
2026-07-20 03:00:00,OANDA:XAUUSD,4021.965,4028.04,4018.65,4024.175,29344.0
2026-07-20 04:00:00,OANDA:XAUUSD,4024.165,4026.845,4018.55,4018.935,16496.0
2026-07-20 05:00:00,OANDA:XAUUSD,4019.04,4021.295,4005.52,4008.72,29565.0
2026-07-20 06:00:00,OANDA:XAUUSD,4008.715,4011.855,4002.95,4003.775,33480.0
2026-07-20 07:00:00,OANDA:XAUUSD,4003.785,4021.895,4002.185,4017.34,30393.0
2026-07-20 08:00:00,OANDA:XAUUSD,4017.26,4030.875,4017.145,4019.03,25732.0
2026-07-20 09:00:00,OANDA:XAUUSD,4019.005,4023.34,4014.845,4021.315,22670.0
2026-07-20 10:00:00,OANDA:XAUUSD,4021.34,4025.725,4018.31,4024.225,16255.0
2026-07-20 11:00:00,OANDA:XAUUSD,4024.355,4040.815,4019.855,4025.315,43672.0
2026-07-20 12:00:00,OANDA:XAUUSD,4025.325,4025.325,4006.505,4008.165,43194.0
2026-07-20 13:00:00,OANDA:XAUUSD,4008.18,4017.48,4005.77,4005.825,56352.0
2026-07-20 14:00:00,OANDA:XAUUSD,4005.795,4013.88,3998.33,4006.3,49862.0
2026-07-20 15:00:00,OANDA:XAUUSD,4006.335,4019.63,4004.63,4011.855,37653.0
2026-07-20 16:00:00,OANDA:XAUUSD,4011.835,4018.385,4001.58,4009.775,30523.0
2026-07-20 17:00:00,OANDA:XAUUSD,4009.77,4013.095,4003.885,4005.38,27264.0
2026-07-20 18:00:00,OANDA:XAUUSD,4005.415,4011.87,4003.405,4007.34,27185.0
2026-07-20 19:00:00,OANDA:XAUUSD,4007.35,4018.035,4004.305,4006.995,37163.0
2026-07-20 20:00:00,OANDA:XAUUSD,4007.005,4009.55,4005.87,4007.585,10853.0
2026-07-20 22:00:00,OANDA:XAUUSD,4008.105,4011.025,3999.915,4000.555,15330.0
2026-07-20 23:00:00,OANDA:XAUUSD,4000.67,4010.85,4000.305,4010.055,17228.0
2026-07-21 00:00:00,OANDA:XAUUSD,4010.06,4027.225,4003.565,4024.8,41180.0
2026-07-21 01:00:00,OANDA:XAUUSD,4024.81,4036.16,4018.46,4023.34,36719.0
2026-07-21 02:00:00,OANDA:XAUUSD,4023.345,4045.365,4022.055,4038.145,29884.0
2026-07-21 03:00:00,OANDA:XAUUSD,4038.135,4051.515,4036.75,4046.96,21873.0
2026-07-21 04:00:00,OANDA:XAUUSD,4046.995,4051.92,4043.725,4049.67,11864.0
2026-07-21 05:00:00,OANDA:XAUUSD,4049.68,4068.095,4046.375,4061.6,25714.0
2026-07-21 06:00:00,OANDA:XAUUSD,4061.61,4084.305,4061.395,4078.605,33123.0
2026-07-21 07:00:00,OANDA:XAUUSD,4078.65,4080.285,4067.62,4071.255,20172.0
2026-07-21 08:00:00,OANDA:XAUUSD,4071.195,4072.52,4059.175,4062.875,21990.0
2026-07-21 09:00:00,OANDA:XAUUSD,4062.92,4069.745,4061.0,4065.975,19916.0
2026-07-21 10:00:00,OANDA:XAUUSD,4065.945,4070.235,4060.975,4063.06,24128.0
2026-07-21 11:00:00,OANDA:XAUUSD,4063.055,4063.75,4054.52,4056.175,16206.0
2026-07-21 12:00:00,OANDA:XAUUSD,4056.2,4065.725,4051.255,4054.0,27617.0
2026-07-21 13:00:00,OANDA:XAUUSD,4053.9,4061.795,4044.725,4053.245,54149.0
2026-07-21 14:00:00,OANDA:XAUUSD,4053.2,4074.08,4051.61,4068.64,49670.0
2026-07-21 15:00:00,OANDA:XAUUSD,4068.49,4083.405,4065.74,4074.255,34962.0
2026-07-21 16:00:00,OANDA:XAUUSD,4074.265,4079.265,4069.945,4071.555,19802.0
2026-07-21 17:00:00,OANDA:XAUUSD,4071.55,4072.855,4066.83,4068.75,20886.0
2026-07-21 18:00:00,OANDA:XAUUSD,4068.81,4087.135,4067.79,4082.23,19615.0
2026-07-21 19:00:00,OANDA:XAUUSD,4082.25,4085.815,4080.085,4084.485,22792.0
2026-07-21 20:00:00,OANDA:XAUUSD,4084.435,4086.455,4076.915,4077.325,8947.0
2026-07-21 22:00:00,OANDA:XAUUSD,4078.675,4085.32,4077.165,4080.59,9386.0
2026-07-21 23:00:00,OANDA:XAUUSD,4080.595,4083.135,4079.18,4080.71,7767.0
2026-07-22 00:00:00,OANDA:XAUUSD,4080.68,4102.575,4076.755,4097.58,37831.0
2026-07-22 01:00:00,OANDA:XAUUSD,4097.67,4123.72,4096.78,4122.265,47866.0
2026-07-22 02:00:00,OANDA:XAUUSD,4122.16,4131.015,4118.81,4130.66,33127.0
2026-07-22 03:00:00,OANDA:XAUUSD,4130.69,4141.715,4129.32,4130.875,25831.0
2026-07-22 04:00:00,OANDA:XAUUSD,4130.785,4131.23,4124.725,4126.995,15109.0
2026-07-22 05:00:00,OANDA:XAUUSD,4127.01,4134.12,4123.08,4131.26,28672.0
2026-07-22 06:00:00,OANDA:XAUUSD,4131.235,4135.415,4113.475,4116.58,38287.0
2026-07-22 07:00:00,OANDA:XAUUSD,4116.565,4123.065,4109.395,4110.78,26050.0
2026-07-22 08:00:00,OANDA:XAUUSD,4110.785,4120.21,4110.635,4118.28,27538.0
2026-07-22 09:00:00,OANDA:XAUUSD,4118.305,4122.325,4113.32,4115.0,22902.0
2026-07-22 10:00:00,OANDA:XAUUSD,4115.025,4121.89,4114.8,4117.59,21918.0
2026-07-22 11:00:00,OANDA:XAUUSD,4117.555,4123.17,4112.605,4122.695,24034.0
2026-07-22 12:00:00,OANDA:XAUUSD,4122.705,4134.46,4106.72,4113.16,37413.0
2026-07-22 13:00:00,OANDA:XAUUSD,4113.155,4155.87,4112.93,4154.525,57170.0
2026-07-22 14:00:00,OANDA:XAUUSD,4154.52,4163.54,4144.165,4148.58,52072.0
2026-07-22 15:00:00,OANDA:XAUUSD,4148.6,4166.13,4148.59,4159.475,37972.0
2026-07-22 16:00:00,OANDA:XAUUSD,4159.475,4159.605,4144.55,4146.84,29067.0
2026-07-22 17:00:00,OANDA:XAUUSD,4146.83,4147.93,4138.44,4142.47,27017.0
2026-07-22 18:00:00,OANDA:XAUUSD,4142.475,4142.885,4132.125,4136.125,29440.0
2026-07-22 19:00:00,OANDA:XAUUSD,4136.115,4137.29,4129.02,4131.905,27336.0
2026-07-22 20:00:00,OANDA:XAUUSD,4131.875,4137.92,4128.42,4129.76,19759.0
2026-07-22 22:00:00,OANDA:XAUUSD,4119.635,4130.195,4119.59,4121.525,20491.0
2026-07-22 23:00:00,OANDA:XAUUSD,4121.625,4134.4,4116.73,4133.495,19943.0
2026-07-23 00:00:00,OANDA:XAUUSD,4133.505,4134.67,4125.2,4132.15,23851.0
2026-07-23 01:00:00,OANDA:XAUUSD,4131.855,4141.275,4114.425,4118.11,46368.0
2026-07-23 02:00:00,OANDA:XAUUSD,4118.035,4129.025,4112.315,4128.14,32427.0
2026-07-23 03:00:00,OANDA:XAUUSD,4128.15,4133.25,4124.32,4124.87,22517.0
2026-07-23 04:00:00,OANDA:XAUUSD,4124.855,4130.54,4120.07,4121.265,16538.0
2026-07-23 05:00:00,OANDA:XAUUSD,4121.26,4130.625,4119.645,4124.165,26306.0
2026-07-23 06:00:00,OANDA:XAUUSD,4124.16,4128.37,4117.06,4118.67,30129.0
2026-07-23 07:00:00,OANDA:XAUUSD,4118.69,4119.525,4090.055,4095.47,37558.0
2026-07-23 08:00:00,OANDA:XAUUSD,4095.42,4097.855,4087.11,4093.52,28822.0
2026-07-23 09:00:00,OANDA:XAUUSD,4093.54,4099.63,4088.465,4089.96,27279.0
2026-07-23 10:00:00,OANDA:XAUUSD,4089.955,4095.46,4086.185,4093.405,28317.0
2026-07-23 11:00:00,OANDA:XAUUSD,4093.375,4094.07,4073.2,4085.765,33881.0
2026-07-23 12:00:00,OANDA:XAUUSD,4085.645,4086.045,4061.2,4061.85,49149.0
2026-07-23 13:00:00,OANDA:XAUUSD,4061.815,4067.415,4040.595,4043.45,71656.0
2026-07-23 14:00:00,OANDA:XAUUSD,4043.52,4061.8,4040.185,4057.98,63840.0
2026-07-23 15:00:00,OANDA:XAUUSD,4058.165,4059.64,4042.41,4048.815,47232.0
2026-07-23 16:00:00,OANDA:XAUUSD,4048.89,4051.83,4045.96,4051.535,29638.0
2026-07-23 17:00:00,OANDA:XAUUSD,4051.535,4054.58,4041.7,4041.88,32947.0
2026-07-23 18:00:00,OANDA:XAUUSD,4041.94,4048.445,4040.745,4046.175,29702.0
2026-07-23 19:00:00,OANDA:XAUUSD,4046.145,4051.14,4043.115,4049.935,28928.0
2026-07-23 20:00:00,OANDA:XAUUSD,4049.945,4051.44,4047.495,4049.78,10587.0
2026-07-23 22:00:00,OANDA:XAUUSD,4048.875,4050.655,4048.645,4049.785,6120.0
2026-07-23 23:00:00,OANDA:XAUUSD,4049.78,4050.825,4046.71,4047.29,6653.0
2026-07-24 00:00:00,OANDA:XAUUSD,4047.33,4051.01,4041.375,4049.88,20129.0
2026-07-24 01:00:00,OANDA:XAUUSD,4049.89,4050.39,4039.97,4043.68,31746.0
2026-07-24 02:00:00,OANDA:XAUUSD,4043.64,4048.59,4023.07,4024.54,31601.0
2026-07-24 03:00:00,OANDA:XAUUSD,4024.535,4033.84,4023.04,4029.54,22272.0
2026-07-24 04:00:00,OANDA:XAUUSD,4029.52,4030.54,4025.72,4027.12,11036.0
2026-07-24 05:00:00,OANDA:XAUUSD,4027.13,4032.335,4022.06,4023.135,23628.0
2026-07-24 06:00:00,OANDA:XAUUSD,4023.195,4039.185,4023.055,4035.845,32003.0
2026-07-24 07:00:00,OANDA:XAUUSD,4035.855,4053.84,4035.245,4048.415,27543.0
2026-07-24 08:00:00,OANDA:XAUUSD,4048.435,4058.775,4045.28,4057.65,20197.0
2026-07-24 09:00:00,OANDA:XAUUSD,4057.645,4060.74,4051.84,4059.885,17813.0
2026-07-24 10:00:00,OANDA:XAUUSD,4059.935,4064.025,4057.165,4060.205,14596.0
2026-07-24 11:00:00,OANDA:XAUUSD,4060.2,4063.495,4051.49,4057.795,16056.0
2026-07-24 12:00:00,OANDA:XAUUSD,4057.81,4060.285,4051.815,4056.095,22559.0
2026-07-24 13:00:00,OANDA:XAUUSD,4056.07,4068.68,4044.81,4067.865,37483.0
2026-07-24 14:00:00,OANDA:XAUUSD,4067.86,4069.98,4056.115,4063.35,49470.0
2026-07-24 15:00:00,OANDA:XAUUSD,4063.4,4082.16,4061.955,4077.535,51085.0
2026-07-24 16:00:00,OANDA:XAUUSD,4077.575,4078.245,4064.285,4067.175,23799.0
2026-07-24 17:00:00,OANDA:XAUUSD,4067.18,4069.96,4062.985,4063.505,20442.0
2026-07-24 18:00:00,OANDA:XAUUSD,4063.555,4064.615,4051.255,4054.47,14386.0
2026-07-24 19:00:00,OANDA:XAUUSD,4054.52,4058.01,4049.38,4053.895,18222.0
2026-07-24 20:00:00,OANDA:XAUUSD,4053.875,4056.465,4051.665,4052.845,8652.0
2026-07-26 22:00:00,OANDA:XAUUSD,4090.16,4093.84,4084.03,4089.575,9873.0
2026-07-26 23:00:00,OANDA:XAUUSD,4089.795,4096.515,4083.8,4094.11,13222.0
2026-07-27 00:00:00,OANDA:XAUUSD,4094.105,4116.185,4090.64,4100.815,43501.0
2026-07-27 01:00:00,OANDA:XAUUSD,4100.83,4112.48,4097.13,4110.255,47331.0
2026-07-27 02:00:00,OANDA:XAUUSD,4110.3,4111.105,4093.75,4093.765,22455.0
2026-07-27 03:00:00,OANDA:XAUUSD,4093.68,4095.955,4085.23,4091.045,19019.0
2026-07-27 04:00:00,OANDA:XAUUSD,4091.055,4092.925,4087.08,4090.39,15071.0
2026-07-27 05:00:00,OANDA:XAUUSD,4090.395,4094.99,4084.49,4093.365,24322.0
2026-07-27 06:00:00,OANDA:XAUUSD,4093.33,4099.365,4091.36,4096.02,17928.0
2026-07-27 07:00:00,OANDA:XAUUSD,4095.98,4106.24,4088.635,4088.885,22238.0
2026-07-27 08:00:00,OANDA:XAUUSD,4088.98,4096.985,4087.24,4095.28,19542.0
2026-07-27 09:00:00,OANDA:XAUUSD,4095.215,4100.38,4090.575,4096.14,17961.0
2026-07-27 10:00:00,OANDA:XAUUSD,4096.12,4102.45,4086.62,4099.625,19014.0
2026-07-27 11:00:00,OANDA:XAUUSD,4099.66,4104.205,4093.695,4094.015,21277.0
2026-07-27 12:00:00,OANDA:XAUUSD,4094.03,4097.845,4081.73,4083.82,29184.0
2026-07-27 13:00:00,OANDA:XAUUSD,4083.875,4089.59,4070.495,4074.445,52010.0
2026-07-27 14:00:00,OANDA:XAUUSD,4074.48,4079.23,4065.415,4076.335,52723.0
2026-07-27 15:00:00,OANDA:XAUUSD,4076.315,4080.05,4071.915,4078.62,33451.0
2026-07-27 16:00:00,OANDA:XAUUSD,4078.625,4094.105,4077.965,4082.56,37538.0
2026-07-27 17:00:00,OANDA:XAUUSD,4082.565,4082.565,4070.785,4076.505,29818.0
2026-07-27 18:00:00,OANDA:XAUUSD,4076.51,4079.58,4073.0,4078.005,28328.0
2026-07-27 19:00:00,OANDA:XAUUSD,4078.04,4089.485,4076.22,4083.5,23590.0
2026-07-27 20:00:00,OANDA:XAUUSD,4083.535,4084.21,4075.325,4076.425,7293.0
2026-07-27 22:00:00,OANDA:XAUUSD,4080.685,4081.415,4071.16,4074.32,7723.0
2026-07-27 23:00:00,OANDA:XAUUSD,4074.22,4075.14,4070.035,4073.385,10144.0
2026-07-28 00:00:00,OANDA:XAUUSD,4073.365,4074.26,4057.665,4058.245,29626.0
2026-07-28 01:00:00,OANDA:XAUUSD,4058.23,4060.43,4042.77,4045.23,42111.0
2026-07-28 02:00:00,OANDA:XAUUSD,4045.245,4049.215,4040.935,4042.115,25131.0
2026-07-28 03:00:00,OANDA:XAUUSD,4042.11,4051.24,4040.455,4049.615,18196.0
2026-07-28 04:00:00,OANDA:XAUUSD,4049.605,4049.7,4041.395,4042.305,15021.0
2026-07-28 05:00:00,OANDA:XAUUSD,4042.3,4046.625,4034.795,4045.2,31843.0
2026-07-28 06:00:00,OANDA:XAUUSD,4045.195,4052.405,4043.015,4048.425,25140.0
2026-07-28 07:00:00,OANDA:XAUUSD,4048.395,4052.425,4046.235,4047.395,19330.0
2026-07-28 08:00:00,OANDA:XAUUSD,4047.355,4055.21,4041.72,4045.56,32735.0
2026-07-28 09:00:00,OANDA:XAUUSD,4045.46,4045.955,4019.575,4023.42,27154.0
2026-07-28 10:00:00,OANDA:XAUUSD,4023.49,4028.63,4017.115,4026.67,34109.0
2026-07-28 11:00:00,OANDA:XAUUSD,4026.66,4032.555,4023.275,4028.19,31086.0
2026-07-28 12:00:00,OANDA:XAUUSD,4028.195,4038.22,4022.965,4029.69,32616.0
2026-07-28 13:00:00,OANDA:XAUUSD,4029.74,4036.04,4020.33,4022.11,43790.0
2026-07-28 14:00:00,OANDA:XAUUSD,4022.16,4033.6,4011.765,4024.375,61571.0
2026-07-28 15:00:00,OANDA:XAUUSD,4024.43,4047.195,4022.16,4046.13,57978.0
2026-07-28 16:00:00,OANDA:XAUUSD,4046.145,4046.68,4036.715,4037.605,27754.0
2026-07-28 17:00:00,OANDA:XAUUSD,4037.69,4041.73,4025.755,4027.935,33670.0
2026-07-28 18:00:00,OANDA:XAUUSD,4027.985,4030.58,4021.715,4023.15,35253.0
2026-07-28 19:00:00,OANDA:XAUUSD,4023.19,4028.07,4021.935,4026.465,30635.0
2026-07-28 20:00:00,OANDA:XAUUSD,4026.455,4030.555,4022.6,4028.67,11399.0
2026-07-28 22:00:00,OANDA:XAUUSD,4026.565,4028.165,4013.975,4018.44,10700.0
2026-07-28 23:00:00,OANDA:XAUUSD,4018.45,4026.345,4015.21,4024.945,18198.0
2026-07-29 00:00:00,OANDA:XAUUSD,4024.99,4029.815,4017.57,4022.08,35389.0
2026-07-29 01:00:00,OANDA:XAUUSD,4022.075,4030.675,4010.41,4026.16,53634.0
2026-07-29 02:00:00,OANDA:XAUUSD,4026.165,4038.08,4023.265,4029.435,26617.0
2026-07-29 03:00:00,OANDA:XAUUSD,4029.42,4032.84,4023.25,4023.73,19646.0
2026-07-29 04:00:00,OANDA:XAUUSD,4023.74,4027.845,4020.655,4027.4,18991.0
2026-07-29 05:00:00,OANDA:XAUUSD,4027.425,4040.15,4026.735,4033.135,23032.0
2026-07-29 06:00:00,OANDA:XAUUSD,4033.14,4044.845,4033.08,4041.25,21089.0
2026-07-29 07:00:00,OANDA:XAUUSD,4041.2,4047.88,4041.2,4043.825,21016.0
2026-07-29 08:00:00,OANDA:XAUUSD,4043.82,4044.555,4035.67,4037.64,14861.0
2026-07-29 09:00:00,OANDA:XAUUSD,4037.73,4038.38,4031.36,4032.695,18642.0
2026-07-29 10:00:00,OANDA:XAUUSD,4032.68,4034.57,4026.065,4027.535,17101.0
2026-07-29 11:00:00,OANDA:XAUUSD,4027.555,4036.195,4025.105,4032.845,16715.0
2026-07-29 12:00:00,OANDA:XAUUSD,4032.85,4033.5,4009.39,4022.65,39268.0
2026-07-29 13:00:00,OANDA:XAUUSD,4022.82,4026.565,4002.6,4007.445,50832.0
2026-07-29 14:00:00,OANDA:XAUUSD,4007.455,4010.215,3996.055,4004.875,55457.0
2026-07-29 15:00:00,OANDA:XAUUSD,4004.93,4013.815,4003.4,4009.975,31299.0
2026-07-29 16:00:00,OANDA:XAUUSD,4010.015,4032.915,4007.63,4027.46,34427.0
2026-07-29 17:00:00,OANDA:XAUUSD,4027.455,4050.745,4027.405,4044.285,55068.0
2026-07-29 18:00:00,OANDA:XAUUSD,4044.29,4110.12,4042.775,4106.75,125139.0
2026-07-29 19:00:00,OANDA:XAUUSD,4106.74,4116.415,4044.375,4044.74,128852.0
2026-07-29 20:00:00,OANDA:XAUUSD,4044.74,4070.195,4042.955,4066.34,47576.0
2026-07-29 22:00:00,OANDA:XAUUSD,4074.84,4090.65,4064.505,4088.58,18877.0
2026-07-29 23:00:00,OANDA:XAUUSD,4088.61,4100.485,4084.4,4084.59,27485.0
2026-07-30 00:00:00,OANDA:XAUUSD,4084.625,4086.735,4064.96,4072.27,49052.0
2026-07-30 01:00:00,OANDA:XAUUSD,4072.285,4092.955,4070.36,4084.59,53839.0
2026-07-30 02:00:00,OANDA:XAUUSD,4084.46,4090.45,4063.435,4063.71,36807.0
2026-07-30 03:00:00,OANDA:XAUUSD,4063.705,4070.345,4050.81,4058.88,28561.0
2026-07-30 04:00:00,OANDA:XAUUSD,4058.94,4060.385,4044.34,4046.045,23564.0
2026-07-30 05:00:00,OANDA:XAUUSD,4046.05,4051.445,4028.69,4033.82,43737.0
2026-07-30 06:00:00,OANDA:XAUUSD,4033.725,4040.63,4029.4,4036.54,36133.0
2026-07-30 07:00:00,OANDA:XAUUSD,4036.57,4051.43,4035.41,4038.935,37943.0
2026-07-30 08:00:00,OANDA:XAUUSD,4038.825,4073.01,4036.81,4061.49,50181.0
2026-07-30 09:00:00,OANDA:XAUUSD,4061.485,4073.155,4060.305,4063.405,35651.0
2026-07-30 10:00:00,OANDA:XAUUSD,4063.495,4083.23,4063.065,4078.155,39550.0
2026-07-30 11:00:00,OANDA:XAUUSD,4078.105,4082.945,4075.77,4077.815,32215.0
2026-07-30 12:00:00,OANDA:XAUUSD,4077.79,4086.785,4067.285,4069.03,55371.0
2026-07-30 13:00:00,OANDA:XAUUSD,4069.04,4112.825,4065.315,4112.34,97083.0
2026-07-30 14:00:00,OANDA:XAUUSD,4112.415,4120.495,4087.195,4100.01,93353.0
2026-07-30 15:00:00,OANDA:XAUUSD,4100.075,4110.23,4083.27,4108.25,56921.0
2026-07-30 16:00:00,OANDA:XAUUSD,4108.2,4119.285,4106.645,4110.78,42705.0
2026-07-30 17:00:00,OANDA:XAUUSD,4110.75,4111.325,4098.505,4102.765,43931.0
2026-07-30 18:00:00,OANDA:XAUUSD,4102.75,4107.855,4098.785,4099.74,35271.0
2026-07-30 19:00:00,OANDA:XAUUSD,4099.745,4115.375,4098.77,4112.065,43877.0
2026-07-30 20:00:00,OANDA:XAUUSD,4112.2,4117.515,4099.235,4103.27,22849.0
2026-07-30 22:00:00,OANDA:XAUUSD,4103.36,4111.455,4102.63,4109.385,8160.0
2026-07-30 23:00:00,OANDA:XAUUSD,4109.335,4112.01,4102.345,4105.985,10184.0
2026-07-31 00:00:00,OANDA:XAUUSD,4106.065,4107.225,4090.585,4094.855,23423.0
2026-07-31 01:00:00,OANDA:XAUUSD,4094.835,4101.71,4082.15,4084.325,29619.0
2026-07-31 02:00:00,OANDA:XAUUSD,4084.39,4090.405,4074.27,4076.275,19042.0
2026-07-31 03:00:00,OANDA:XAUUSD,4076.07,4079.65,4072.145,4075.14,16572.0
2026-07-31 04:00:00,OANDA:XAUUSD,4075.07,4081.535,4073.32,4080.16,10772.0
2026-07-31 05:00:00,OANDA:XAUUSD,4080.17,4083.315,4073.44,4074.43,13987.0
2026-07-31 06:00:00,OANDA:XAUUSD,4074.45,4087.665,4072.785,4077.765,30801.0
2026-07-31 07:00:00,OANDA:XAUUSD,4077.735,4079.315,4067.62,4067.81,24982.0
2026-07-31 08:00:00,OANDA:XAUUSD,4067.795,4067.89,4054.175,4060.98,37149.0
2026-07-31 09:00:00,OANDA:XAUUSD,4060.895,4064.115,4050.315,4055.25,31664.0
2026-07-31 10:00:00,OANDA:XAUUSD,4055.185,4058.435,4052.015,4054.565,16304.0
2026-07-31 11:00:00,OANDA:XAUUSD,4054.58,4061.15,4050.69,4053.84,25477.0
2026-07-31 12:00:00,OANDA:XAUUSD,4053.83,4059.495,4040.575,4040.765,33350.0
2026-07-31 13:00:00,OANDA:XAUUSD,4040.75,4047.035,4022.13,4025.51,71039.0
2026-07-31 14:00:00,OANDA:XAUUSD,4025.41,4050.435,4020.975,4049.315,64673.0
2026-07-31 15:00:00,OANDA:XAUUSD,4049.345,4052.695,4036.82,4045.58,49130.0
2026-07-31 16:00:00,OANDA:XAUUSD,4045.585,4049.995,4041.3,4043.415,30493.0
2026-07-31 17:00:00,OANDA:XAUUSD,4043.41,4054.805,4041.6,4053.66,28912.0
2026-07-31 18:00:00,OANDA:XAUUSD,4053.665,4055.245,4047.18,4050.82,20545.0
2026-07-31 19:00:00,OANDA:XAUUSD,4050.785,4055.665,4046.955,4050.935,19831.0
2026-07-31 20:00:00,OANDA:XAUUSD,4050.915,4053.105,4043.04,4045.165,23852.0
2026-08-02 22:00:00,OANDA:XAUUSD,4075.055,4078.785,4063.515,4063.755,15470.0
2026-08-02 23:00:00,OANDA:XAUUSD,4063.705,4075.09,4063.3,4075.065,15558.0
2026-08-03 00:00:00,OANDA:XAUUSD,4075.07,4079.185,4055.88,4057.35,44773.0
2026-08-03 01:00:00,OANDA:XAUUSD,4057.355,4063.7,4047.345,4056.77,42722.0
2026-08-03 02:00:00,OANDA:XAUUSD,4056.775,4067.275,4052.11,4062.605,23226.0
2026-08-03 03:00:00,OANDA:XAUUSD,4062.51,4068.1,4059.5,4065.115,17732.0
2026-08-03 04:00:00,OANDA:XAUUSD,4065.145,4072.055,4064.0,4064.045,14018.0
2026-08-03 05:00:00,OANDA:XAUUSD,4063.99,4070.045,4054.17,4069.035,18739.0
2026-08-03 06:00:00,OANDA:XAUUSD,4069.03,4072.185,4060.51,4063.94,29493.0
2026-08-03 07:00:00,OANDA:XAUUSD,4063.95,4065.305,4052.19,4061.155,25455.0
2026-08-03 08:00:00,OANDA:XAUUSD,4061.1,4062.595,4054.335,4059.42,21285.0
2026-08-03 09:00:00,OANDA:XAUUSD,4059.43,4062.21,4046.685,4055.355,26348.0
2026-08-03 10:00:00,OANDA:XAUUSD,4055.375,4057.13,4045.84,4049.495,21078.0
2026-08-03 11:00:00,OANDA:XAUUSD,4049.485,4063.245,4045.57,4062.505,25720.0
2026-08-03 12:00:00,OANDA:XAUUSD,4062.465,4064.74,4042.34,4047.85,29043.0
2026-08-03 13:00:00,OANDA:XAUUSD,4047.865,4053.855,4019.24,4032.35,75683.0
2026-08-03 14:00:00,OANDA:XAUUSD,4031.91,4039.16,4026.75,4036.375,39340.0
2026-08-03 15:00:00,OANDA:XAUUSD,4036.475,4041.03,4030.54,4036.135,26779.0
2026-08-03 16:00:00,OANDA:XAUUSD,4036.14,4039.335,4034.805,4037.03,15549.0
2026-08-03 17:00:00,OANDA:XAUUSD,4037.06,4037.8,4030.27,4030.57,14115.0
2026-08-03 18:00:00,OANDA:XAUUSD,4030.62,4045.12,4029.675,4043.535,15636.0
2026-08-03 19:00:00,OANDA:XAUUSD,4043.53,4055.815,4043.485,4052.08,21419.0
2026-08-03 20:00:00,OANDA:XAUUSD,4052.145,4058.215,4050.325,4055.33,9771.0
2026-08-03 22:00:00,OANDA:XAUUSD,4052.12,4053.58,4049.04,4052.765,5839.0
2026-08-03 23:00:00,OANDA:XAUUSD,4052.725,4055.22,4050.22,4053.96,7030.0
2026-08-04 00:00:00,OANDA:XAUUSD,4053.93,4069.465,4048.64,4049.425,18578.0
2026-08-04 01:00:00,OANDA:XAUUSD,4049.345,4061.97,4042.72,4058.82,27439.0
2026-08-04 02:00:00,OANDA:XAUUSD,4058.825,4065.235,4055.62,4059.08,17734.0
2026-08-04 03:00:00,OANDA:XAUUSD,4059.0,4061.855,4052.25,4052.56,13255.0
2026-08-04 04:00:00,OANDA:XAUUSD,4052.61,4066.425,4051.25,4063.765,10418.0
2026-08-04 05:00:00,OANDA:XAUUSD,4063.785,4067.835,4057.2,4061.975,14808.0
2026-08-04 06:00:00,OANDA:XAUUSD,4061.96,4066.215,4055.7,4063.515,18537.0
2026-08-04 07:00:00,OANDA:XAUUSD,4063.58,4066.79,4060.845,4065.535,18358.0
2026-08-04 08:00:00,OANDA:XAUUSD,4065.635,4072.97,4054.455,4055.19,23822.0
2026-08-04 09:00:00,OANDA:XAUUSD,4055.16,4055.505,4046.255,4049.93,19431.0
2026-08-04 10:00:00,OANDA:XAUUSD,4049.935,4060.84,4045.62,4053.99,23734.0
2026-08-04 11:00:00,OANDA:XAUUSD,4053.995,4084.345,4052.44,4074.995,35649.0
2026-08-04 12:00:00,OANDA:XAUUSD,4075.055,4084.56,4061.115,4070.945,39710.0
2026-08-04 13:00:00,OANDA:XAUUSD,4070.925,4093.88,4061.23,4083.955,61719.0
2026-08-04 14:00:00,OANDA:XAUUSD,4083.995,4092.075,4074.55,4083.64,45846.0
2026-08-04 15:00:00,OANDA:XAUUSD,4083.645,4088.885,4074.735,4087.35,37611.0
2026-08-04 16:00:00,OANDA:XAUUSD,4087.44,4093.685,4083.195,4093.41,22262.0
2026-08-04 17:00:00,OANDA:XAUUSD,4093.36,4106.475,4086.205,4086.21,28683.0
2026-08-04 18:00:00,OANDA:XAUUSD,4086.18,4089.06,4075.285,4079.945,24279.0
2026-08-04 19:00:00,OANDA:XAUUSD,4079.995,4084.86,4076.39,4078.615,19684.0
2026-08-04 20:00:00,OANDA:XAUUSD,4078.61,4080.295,4074.69,4077.055,10639.0
2026-08-04 22:00:00,OANDA:XAUUSD,4078.39,4085.87,4075.735,4075.805,8852.0
2026-08-04 23:00:00,OANDA:XAUUSD,4075.89,4077.205,4065.33,4072.605,16465.0
2026-08-05 00:00:00,OANDA:XAUUSD,4072.6,4083.63,4070.505,4082.55,16072.0
2026-08-05 01:00:00,OANDA:XAUUSD,4082.57,4102.58,4077.725,4101.43,27172.0
2026-08-05 02:00:00,OANDA:XAUUSD,4101.44,4135.435,4095.42,4129.195,44787.0
2026-08-05 03:00:00,OANDA:XAUUSD,4129.2,4136.69,4126.92,4128.33,21135.0
2026-08-05 04:00:00,OANDA:XAUUSD,4128.335,4141.505,4128.26,4135.595,13900.0
2026-08-05 05:00:00,OANDA:XAUUSD,4135.575,4173.1,4134.885,4161.545,35370.0
2026-08-05 06:00:00,OANDA:XAUUSD,4161.535,4178.565,4160.3,4177.565,33822.0
2026-08-05 07:00:00,OANDA:XAUUSD,4177.645,4179.555,4162.225,4170.81,32544.0
2026-08-05 08:00:00,OANDA:XAUUSD,4170.8,4172.68,4159.045,4160.515,36495.0
2026-08-05 09:00:00,OANDA:XAUUSD,4160.64,4167.17,4153.145,4157.98,29765.0
2026-08-05 10:00:00,OANDA:XAUUSD,4157.97,4161.495,4150.28,4161.42,19272.0
2026-08-05 11:00:00,OANDA:XAUUSD,4161.455,4192.625,4160.85,4188.93,36157.0
2026-08-05 12:00:00,OANDA:XAUUSD,4188.945,4213.54,4183.305,4183.985,51130.0
2026-08-05 13:00:00,OANDA:XAUUSD,4183.965,4206.845,4183.795,4206.17,69099.0
2026-08-05 14:00:00,OANDA:XAUUSD,4206.11,4247.64,4203.67,4244.26,93324.0
2026-08-05 15:00:00,OANDA:XAUUSD,4244.3,4265.29,4232.375,4233.025,64083.0
2026-08-05 16:00:00,OANDA:XAUUSD,4233.03,4247.48,4224.89,4242.26,52954.0
2026-08-05 17:00:00,OANDA:XAUUSD,4242.33,4252.555,4237.0,4250.36,36974.0
2026-08-05 18:00:00,OANDA:XAUUSD,4249.95,4268.09,4249.26,4260.985,33470.0
2026-08-05 19:00:00,OANDA:XAUUSD,4261.0,4262.27,4246.405,4247.13,33469.0
2026-08-05 20:00:00,OANDA:XAUUSD,4247.08,4249.76,4243.06,4247.275,9348.0
2026-08-05 22:00:00,OANDA:XAUUSD,4249.5,4250.385,4245.825,4250.045,8410.0
2026-08-05 23:00:00,OANDA:XAUUSD,4250.055,4282.05,4249.12,4278.305,19600.0
2026-08-06 00:00:00,OANDA:XAUUSD,4278.315,4300.39,4264.64,4294.985,46147.0
2026-08-06 01:00:00,OANDA:XAUUSD,4294.99,4302.74,4272.98,4286.64,61562.0
2026-08-06 02:00:00,OANDA:XAUUSD,4286.405,4304.31,4274.93,4278.71,39039.0
2026-08-06 03:00:00,OANDA:XAUUSD,4278.735,4280.95,4260.48,4265.795,31102.0
2026-08-06 04:00:00,OANDA:XAUUSD,4265.78,4267.27,4253.045,4262.265,19861.0
2026-08-06 05:00:00,OANDA:XAUUSD,4262.1,4268.675,4247.24,4267.345,31743.0
2026-08-06 06:00:00,OANDA:XAUUSD,4267.325,4268.64,4249.39,4256.225,27547.0
2026-08-06 07:00:00,OANDA:XAUUSD,4256.22,4265.47,4252.6,4262.79,24100.0
2026-08-06 08:00:00,OANDA:XAUUSD,4262.96,4278.915,4260.345,4278.33,28679.0
2026-08-06 09:00:00,OANDA:XAUUSD,4278.405,4284.885,4271.27,4273.16,26723.0
2026-08-06 10:00:00,OANDA:XAUUSD,4273.11,4273.7,4264.545,4270.915,22592.0
2026-08-06 11:00:00,OANDA:XAUUSD,4270.91,4273.405,4254.26,4263.3,26841.0
2026-08-06 12:00:00,OANDA:XAUUSD,4263.305,4271.115,4249.145,4250.27,32859.0
2026-08-06 13:00:00,OANDA:XAUUSD,4250.235,4274.29,4230.46,4267.025,66593.0
2026-08-06 14:00:00,OANDA:XAUUSD,4267.025,4275.44,4260.255,4273.055,55730.0
2026-08-06 15:00:00,OANDA:XAUUSD,4273.065,4274.39,4229.505,4233.82,47417.0
2026-08-06 16:00:00,OANDA:XAUUSD,4233.815,4243.18,4223.505,4241.525,51668.0
2026-08-06 17:00:00,OANDA:XAUUSD,4241.51,4248.2,4238.545,4247.27,30551.0
2026-08-06 18:00:00,OANDA:XAUUSD,4247.345,4249.74,4240.755,4243.535,20301.0
2026-08-06 19:00:00,OANDA:XAUUSD,4243.56,4251.385,4233.12,4248.95,28722.0
2026-08-06 20:00:00,OANDA:XAUUSD,4248.81,4250.215,4234.78,4240.75,11183.0
2026-08-06 22:00:00,OANDA:XAUUSD,4236.61,4243.5,4236.605,4240.83,5621.0
2026-08-06 23:00:00,OANDA:XAUUSD,4240.555,4253.245,4240.36,4252.425,9932.0
2026-08-07 00:00:00,OANDA:XAUUSD,4252.42,4253.015,4229.875,4232.9,32048.0
2026-08-07 01:00:00,OANDA:XAUUSD,4232.925,4259.365,4231.59,4256.97,43116.0
2026-08-07 02:00:00,OANDA:XAUUSD,4256.955,4261.785,4247.21,4250.36,22990.0
2026-08-07 03:00:00,OANDA:XAUUSD,4250.39,4266.545,4249.57,4266.265,20616.0
2026-08-07 04:00:00,OANDA:XAUUSD,4266.245,4269.215,4260.81,4265.045,16565.0
2026-08-07 05:00:00,OANDA:XAUUSD,4264.995,4280.635,4262.1,4278.815,25055.0
2026-08-07 06:00:00,OANDA:XAUUSD,4278.875,4298.945,4278.535,4297.275,36780.0
2026-08-07 07:00:00,OANDA:XAUUSD,4297.3,4298.095,4282.99,4290.18,27770.0
2026-08-07 08:00:00,OANDA:XAUUSD,4290.17,4316.735,4289.13,4306.245,32482.0
2026-08-07 09:00:00,OANDA:XAUUSD,4306.25,4320.865,4302.29,4316.08,28253.0
2026-08-07 10:00:00,OANDA:XAUUSD,4316.075,4320.695,4308.09,4316.97,29956.0
2026-08-07 11:00:00,OANDA:XAUUSD,4316.965,4327.745,4316.9,4321.245,30715.0
2026-08-07 12:00:00,OANDA:XAUUSD,4321.24,4371.84,4301.015,4361.425,83368.0
2026-08-07 13:00:00,OANDA:XAUUSD,4361.415,4368.01,4338.98,4348.255,93997.0
2026-08-07 14:00:00,OANDA:XAUUSD,4348.265,4353.025,4327.455,4341.605,101868.0
2026-08-07 15:00:00,OANDA:XAUUSD,4341.615,4358.545,4339.895,4341.13,59769.0
2026-08-07 16:00:00,OANDA:XAUUSD,4341.185,4349.745,4329.28,4329.305,54513.0
2026-08-07 17:00:00,OANDA:XAUUSD,4329.3,4343.15,4327.865,4340.275,40768.0
2026-08-07 18:00:00,OANDA:XAUUSD,4340.325,4343.03,4332.255,4335.695,30935.0
2026-08-07 19:00:00,OANDA:XAUUSD,4335.7,4350.41,4335.565,4344.08,49976.0
2026-08-07 20:00:00,OANDA:XAUUSD,4344.12,4345.38,4336.015,4341.935,9773.0
2026-08-09 22:00:00,OANDA:XAUUSD,4340.28,4346.235,4334.605,4341.59,12051.0
2026-08-09 23:00:00,OANDA:XAUUSD,4341.605,4349.11,4332.32,4333.115,14674.0
2026-08-10 00:00:00,OANDA:XAUUSD,4333.075,4347.215,4330.84,4332.21,34825.0
2026-08-10 01:00:00,OANDA:XAUUSD,4332.27,4340.655,4313.43,4322.67,59504.0
2026-08-10 02:00:00,OANDA:XAUUSD,4322.695,4332.405,4318.79,4319.735,27132.0
2026-08-10 03:00:00,OANDA:XAUUSD,4319.72,4330.025,4317.805,4326.735,16555.0
2026-08-10 04:00:00,OANDA:XAUUSD,4326.79,4339.64,4323.21,4339.535,16563.0
2026-08-10 05:00:00,OANDA:XAUUSD,4339.475,4352.41,4331.74,4347.405,24588.0
2026-08-10 06:00:00,OANDA:XAUUSD,4347.475,4359.935,4341.97,4358.31,28019.0
2026-08-10 07:00:00,OANDA:XAUUSD,4358.22,4362.06,4350.23,4355.46,26719.0
2026-08-10 08:00:00,OANDA:XAUUSD,4355.445,4356.76,4343.905,4346.65,18235.0
2026-08-10 09:00:00,OANDA:XAUUSD,4346.715,4350.07,4340.395,4341.29,17107.0
2026-08-10 10:00:00,OANDA:XAUUSD,4341.34,4344.275,4335.45,4335.75,17661.0
2026-08-10 11:00:00,OANDA:XAUUSD,4335.78,4339.535,4329.045,4335.12,18565.0
2026-08-10 12:00:00,OANDA:XAUUSD,4335.095,4337.635,4324.125,4332.625,28483.0
2026-08-10 13:00:00,OANDA:XAUUSD,4332.66,4340.165,4316.675,4317.985,61587.0
2026-08-10 14:00:00,OANDA:XAUUSD,4317.98,4352.04,4317.965,4345.435,59365.0
2026-08-10 15:00:00,OANDA:XAUUSD,4345.6,4359.545,4343.325,4358.51,43318.0
2026-08-10 16:00:00,OANDA:XAUUSD,4358.53,4364.8,4349.19,4356.845,45187.0
2026-08-10 17:00:00,OANDA:XAUUSD,4356.855,4365.315,4351.75,4360.23,32886.0
2026-08-10 18:00:00,OANDA:XAUUSD,4360.3,4383.05,4359.84,4378.49,44117.0
2026-08-10 19:00:00,OANDA:XAUUSD,4378.495,4395.385,4378.495,4388.555,48416.0
2026-08-10 20:00:00,OANDA:XAUUSD,4388.55,4392.135,4386.005,4390.235,10415.0
2026-08-10 22:00:00,OANDA:XAUUSD,4389.775,4401.065,4389.34,4399.895,9354.0
2026-08-10 23:00:00,OANDA:XAUUSD,4399.935,4402.715,4394.7,4402.355,13360.0
2026-08-11 00:00:00,OANDA:XAUUSD,4402.41,4419.335,4396.44,4409.495,26293.0
2026-08-11 01:00:00,OANDA:XAUUSD,4409.49,4434.265,4393.78,4429.815,52476.0
2026-08-11 02:00:00,OANDA:XAUUSD,4429.705,4435.245,4408.09,4410.975,32658.0
2026-08-11 03:00:00,OANDA:XAUUSD,4410.96,4421.675,4409.835,4416.9,18975.0
2026-08-11 04:00:00,OANDA:XAUUSD,4416.895,4420.5,4403.49,4409.005,20145.0
2026-08-11 05:00:00,OANDA:XAUUSD,4408.995,4409.15,4367.52,4375.47,41237.0
2026-08-11 06:00:00,OANDA:XAUUSD,4375.47,4382.7,4359.675,4366.315,46366.0
2026-08-11 07:00:00,OANDA:XAUUSD,4366.335,4367.97,4356.7,4357.655,27814.0
2026-08-11 08:00:00,OANDA:XAUUSD,4357.635,4376.765,4357.0,4369.29,24425.0
2026-08-11 09:00:00,OANDA:XAUUSD,4369.245,4375.655,4367.675,4372.505,23553.0
2026-08-11 10:00:00,OANDA:XAUUSD,4372.57,4382.77,4371.37,4382.56,22272.0
2026-08-11 11:00:00,OANDA:XAUUSD,4382.485,4393.11,4380.565,4387.8,31622.0
2026-08-11 12:00:00,OANDA:XAUUSD,4387.8,4400.185,4383.875,4392.53,37539.0
2026-08-11 13:00:00,OANDA:XAUUSD,4392.52,4404.29,4384.645,4389.5,59157.0
2026-08-11 14:00:00,OANDA:XAUUSD,4389.35,4397.99,4381.29,4394.125,47076.0
2026-08-11 15:00:00,OANDA:XAUUSD,4394.175,4398.83,4369.15,4383.905,48465.0
2026-08-11 16:00:00,OANDA:XAUUSD,4383.92,4385.9,4378.52,4383.46,29605.0
2026-08-11 17:00:00,OANDA:XAUUSD,4383.5,4385.765,4368.935,4369.19,25292.0
2026-08-11 18:00:00,OANDA:XAUUSD,4369.225,4372.69,4360.295,4371.59,25971.0
2026-08-11 19:00:00,OANDA:XAUUSD,4371.655,4374.28,4361.265,4370.745,25011.0
2026-08-11 20:00:00,OANDA:XAUUSD,4370.78,4371.225,4367.18,4368.245,6289.0
2026-08-11 22:00:00,OANDA:XAUUSD,4372.355,4378.52,4367.28,4369.2,11211.0
2026-08-11 23:00:00,OANDA:XAUUSD,4369.19,4374.77,4362.655,4371.645,13657.0
2026-08-12 00:00:00,OANDA:XAUUSD,4371.65,4383.8,4366.54,4380.5,19879.0
2026-08-12 01:00:00,OANDA:XAUUSD,4380.585,4397.42,4378.445,4396.5,32631.0
2026-08-12 02:00:00,OANDA:XAUUSD,4396.505,4414.5,4394.21,4411.32,23401.0
2026-08-12 03:00:00,OANDA:XAUUSD,4411.355,4416.25,4401.065,4402.36,18105.0
2026-08-12 04:00:00,OANDA:XAUUSD,4402.365,4403.425,4395.44,4401.175,11180.0
2026-08-12 05:00:00,OANDA:XAUUSD,4401.125,4404.88,4384.02,4391.025,21514.0
2026-08-12 06:00:00,OANDA:XAUUSD,4391.01,4406.445,4385.235,4403.545,26864.0
2026-08-12 07:00:00,OANDA:XAUUSD,4403.535,4410.145,4398.345,4406.355,18170.0
2026-08-12 08:00:00,OANDA:XAUUSD,4406.355,4410.545,4401.8,4401.895,17361.0
2026-08-12 09:00:00,OANDA:XAUUSD,4401.95,4424.46,4401.925,4416.055,25740.0
2026-08-12 10:00:00,OANDA:XAUUSD,4416.09,4421.025,4407.575,4412.88,18318.0
2026-08-12 11:00:00,OANDA:XAUUSD,4412.885,4416.805,4407.995,4412.935,14226.0
2026-08-12 12:00:00,OANDA:XAUUSD,4412.955,4438.305,4382.485,4437.37,75920.0
2026-08-12 13:00:00,OANDA:XAUUSD,4437.37,4441.315,4408.65,4427.53,95370.0
2026-08-12 14:00:00,OANDA:XAUUSD,4427.535,4439.75,4416.545,4422.16,80140.0
2026-08-12 15:00:00,OANDA:XAUUSD,4422.245,4430.14,4411.145,4421.17,49902.0
2026-08-12 16:00:00,OANDA:XAUUSD,4421.145,4426.57,4396.575,4401.68,47252.0
2026-08-12 17:00:00,OANDA:XAUUSD,4401.685,4411.575,4399.135,4399.62,35000.0
2026-08-12 18:00:00,OANDA:XAUUSD,4399.625,4418.005,4396.575,4413.165,20868.0
2026-08-12 19:00:00,OANDA:XAUUSD,4413.185,4418.475,4408.335,4414.08,18879.0
2026-08-12 20:00:00,OANDA:XAUUSD,4413.99,4414.37,4406.725,4408.525,6120.0
2026-08-12 22:00:00,OANDA:XAUUSD,4405.785,4405.8,4398.43,4401.835,5645.0
2026-08-12 23:00:00,OANDA:XAUUSD,4401.925,4414.62,4401.875,4414.515,6649.0
2026-08-13 00:00:00,OANDA:XAUUSD,4414.565,4449.83,4413.06,4427.76,38278.0
2026-08-13 01:00:00,OANDA:XAUUSD,4427.71,4435.44,4406.33,4408.55,49623.0
2026-08-13 02:00:00,OANDA:XAUUSD,4408.5,4414.245,4399.135,4407.215,31985.0
2026-08-13 03:00:00,OANDA:XAUUSD,4407.145,4412.29,4398.78,4400.3,22986.0
2026-08-13 04:00:00,OANDA:XAUUSD,4400.235,4400.525,4391.615,4397.825,22987.0
2026-08-13 05:00:00,OANDA:XAUUSD,4397.85,4407.31,4380.63,4383.06,39887.0
2026-08-13 06:00:00,OANDA:XAUUSD,4383.12,4385.68,4369.035,4381.06,34341.0
2026-08-13 07:00:00,OANDA:XAUUSD,4380.955,4381.84,4369.405,4369.93,34917.0
2026-08-13 08:00:00,OANDA:XAUUSD,4369.935,4379.355,4364.17,4376.025,28380.0
2026-08-13 09:00:00,OANDA:XAUUSD,4375.995,4384.92,4372.605,4384.635,23966.0
2026-08-13 10:00:00,OANDA:XAUUSD,4384.66,4393.86,4381.51,4392.245,14361.0
2026-08-13 11:00:00,OANDA:XAUUSD,4392.215,4396.715,4382.99,4387.865,18180.0
2026-08-13 12:00:00,OANDA:XAUUSD,4387.8,4401.9,4380.88,4401.82,45702.0
2026-08-13 13:00:00,OANDA:XAUUSD,4401.745,4402.215,4370.84,4373.045,69375.0
2026-08-13 14:00:00,OANDA:XAUUSD,4373.055,4387.19,4357.395,4383.705,76169.0
2026-08-13 15:00:00,OANDA:XAUUSD,4383.725,4385.73,4357.755,4365.145,43607.0
2026-08-13 16:00:00,OANDA:XAUUSD,4365.13,4368.5,4351.355,4367.0,43097.0
2026-08-13 17:00:00,OANDA:XAUUSD,4367.055,4373.435,4355.81,4356.06,25472.0
2026-08-13 18:00:00,OANDA:XAUUSD,4356.05,4363.73,4354.75,4357.045,28194.0
2026-08-13 19:00:00,OANDA:XAUUSD,4357.125,4358.97,4343.65,4350.255,30623.0
2026-08-13 20:00:00,OANDA:XAUUSD,4350.235,4352.28,4346.985,4351.27,9163.0
2026-08-13 22:00:00,OANDA:XAUUSD,4353.405,4362.945,4353.015,4354.91,10773.0
2026-08-13 23:00:00,OANDA:XAUUSD,4354.92,4364.45,4349.315,4356.475,14390.0
2026-08-14 00:00:00,OANDA:XAUUSD,4356.46,4362.045,4329.42,4341.095,35209.0
2026-08-14 01:00:00,OANDA:XAUUSD,4341.085,4341.325,4312.22,4318.255,45460.0
2026-08-14 02:00:00,OANDA:XAUUSD,4318.26,4322.94,4311.27,4315.84,33898.0
2026-08-14 03:00:00,OANDA:XAUUSD,4315.76,4328.465,4313.835,4323.66,14642.0
2026-08-14 04:00:00,OANDA:XAUUSD,4323.67,4328.225,4322.855,4327.015,11675.0
2026-08-14 05:00:00,OANDA:XAUUSD,4327.055,4333.67,4311.04,4333.67,26168.0
2026-08-14 06:00:00,OANDA:XAUUSD,4333.62,4336.82,4328.05,4335.785,24823.0
2026-08-14 07:00:00,OANDA:XAUUSD,4335.76,4345.385,4329.81,4343.83,20214.0
2026-08-14 08:00:00,OANDA:XAUUSD,4343.855,4349.845,4341.935,4348.605,21018.0
2026-08-14 09:00:00,OANDA:XAUUSD,4348.555,4357.525,4346.14,4357.17,17185.0
2026-08-14 10:00:00,OANDA:XAUUSD,4357.175,4358.76,4348.095,4349.425,14176.0
2026-08-14 11:00:00,OANDA:XAUUSD,4349.47,4369.46,4348.63,4369.195,17604.0
2026-08-14 12:00:00,OANDA:XAUUSD,4369.19,4386.965,4365.79,4373.725,35870.0
2026-08-14 13:00:00,OANDA:XAUUSD,4373.785,4397.06,4370.32,4384.68,50526.0
2026-08-14 14:00:00,OANDA:XAUUSD,4384.62,4394.745,4378.885,4381.445,53080.0
2026-08-14 15:00:00,OANDA:XAUUSD,4381.47,4394.785,4379.075,4391.695,42654.0
2026-08-14 16:00:00,OANDA:XAUUSD,4391.7,4396.845,4380.415,4386.015,25271.0
2026-08-14 17:00:00,OANDA:XAUUSD,4386.105,4386.53,4376.47,4378.59,23561.0
2026-08-14 18:00:00,OANDA:XAUUSD,4378.585,4382.84,4371.005,4373.6,17668.0
2026-08-14 19:00:00,OANDA:XAUUSD,4373.525,4379.99,4372.115,4376.23,21383.0
2026-08-14 20:00:00,OANDA:XAUUSD,4376.22,4377.005,4371.495,4376.82,8766.0
2026-08-16 22:00:00,OANDA:XAUUSD,4372.68,4386.86,4372.31,4386.04,9266.0
2026-08-16 23:00:00,OANDA:XAUUSD,4386.0,4386.345,4367.29,4370.235,13597.0
2026-08-17 00:00:00,OANDA:XAUUSD,4370.315,4402.015,4368.1,4401.005,28631.0
2026-08-17 01:00:00,OANDA:XAUUSD,4400.995,4416.55,4392.055,4395.755,45773.0
2026-08-17 02:00:00,OANDA:XAUUSD,4395.75,4398.315,4388.455,4393.255,24031.0
2026-08-17 03:00:00,OANDA:XAUUSD,4393.25,4397.69,4388.285,4397.045,14453.0
2026-08-17 04:00:00,OANDA:XAUUSD,4397.035,4399.635,4389.015,4390.86,12671.0
2026-08-17 05:00:00,OANDA:XAUUSD,4390.78,4401.475,4386.94,4394.86,20146.0
2026-08-17 06:00:00,OANDA:XAUUSD,4394.855,4404.71,4392.815,4403.17,29978.0
2026-08-17 07:00:00,OANDA:XAUUSD,4403.085,4411.32,4396.08,4405.19,21654.0
2026-08-17 08:00:00,OANDA:XAUUSD,4405.195,4405.195,4392.69,4395.18,18010.0
2026-08-17 09:00:00,OANDA:XAUUSD,4395.19,4400.625,4392.55,4395.62,17052.0
2026-08-17 10:00:00,OANDA:XAUUSD,4395.655,4405.97,4392.03,4399.08,18255.0
2026-08-17 11:00:00,OANDA:XAUUSD,4399.115,4404.98,4395.46,4396.75,18267.0
2026-08-17 12:00:00,OANDA:XAUUSD,4396.755,4398.82,4377.355,4384.935,34670.0
2026-08-17 13:00:00,OANDA:XAUUSD,4385.015,4416.31,4381.94,4408.645,56350.0
2026-08-17 14:00:00,OANDA:XAUUSD,4408.695,4427.6,4403.805,4417.48,70518.0
2026-08-17 15:00:00,OANDA:XAUUSD,4417.485,4427.85,4415.335,4427.615,46713.0
2026-08-17 16:00:00,OANDA:XAUUSD,4427.63,4428.89,4422.675,4424.245,25286.0
2026-08-17 17:00:00,OANDA:XAUUSD,4424.255,4426.23,4411.205,4413.765,30724.0
2026-08-17 18:00:00,OANDA:XAUUSD,4413.765,4416.255,4398.205,4406.77,30167.0
2026-08-17 19:00:00,OANDA:XAUUSD,4406.68,4421.055,4400.405,4419.965,26883.0
2026-08-17 20:00:00,OANDA:XAUUSD,4419.935,4421.47,4414.61,4416.68,7882.0
2026-08-17 22:00:00,OANDA:XAUUSD,4416.205,4417.28,4410.49,4411.87,7264.0
2026-08-17 23:00:00,OANDA:XAUUSD,4411.92,4426.305,4409.89,4426.12,11094.0
2026-08-18 00:00:00,OANDA:XAUUSD,4426.095,4434.88,4419.06,4434.435,25145.0
2026-08-18 01:00:00,OANDA:XAUUSD,4434.455,4436.23,4404.32,4408.185,40501.0
2026-08-18 02:00:00,OANDA:XAUUSD,4408.01,4408.39,4394.175,4399.985,28389.0
2026-08-18 03:00:00,OANDA:XAUUSD,4400.0,4404.175,4390.63,4391.965,21066.0
2026-08-18 04:00:00,OANDA:XAUUSD,4391.98,4395.58,4389.02,4393.69,16472.0
2026-08-18 05:00:00,OANDA:XAUUSD,4393.66,4397.66,4386.185,4394.465,22388.0
2026-08-18 06:00:00,OANDA:XAUUSD,4394.43,4400.395,4387.755,4398.93,21470.0
2026-08-18 07:00:00,OANDA:XAUUSD,4398.92,4403.735,4395.495,4395.71,14278.0
2026-08-18 08:00:00,OANDA:XAUUSD,4395.825,4398.775,4386.91,4393.44,23803.0
2026-08-18 09:00:00,OANDA:XAUUSD,4393.385,4395.08,4387.03,4393.32,19732.0
2026-08-18 10:00:00,OANDA:XAUUSD,4393.375,4399.68,4389.8,4397.63,14182.0
2026-08-18 11:00:00,OANDA:XAUUSD,4397.705,4399.055,4388.675,4396.07,14586.0
2026-08-18 12:00:00,OANDA:XAUUSD,4396.21,4400.85,4389.67,4394.225,23322.0
2026-08-18 13:00:00,OANDA:XAUUSD,4394.23,4406.9,4376.195,4394.695,69221.0
2026-08-18 14:00:00,OANDA:XAUUSD,4394.705,4406.48,4363.775,4366.685,78238.0
2026-08-18 15:00:00,OANDA:XAUUSD,4366.725,4377.795,4351.765,4364.925,76335.0
2026-08-18 16:00:00,OANDA:XAUUSD,4364.92,4371.73,4363.125,4363.83,38832.0
2026-08-18 17:00:00,OANDA:XAUUSD,4363.805,4368.355,4356.85,4357.725,36286.0
2026-08-18 18:00:00,OANDA:XAUUSD,4357.755,4361.12,4352.705,4354.43,24716.0
2026-08-18 19:00:00,OANDA:XAUUSD,4354.43,4358.76,4338.395,4345.785,29533.0
2026-08-18 20:00:00,OANDA:XAUUSD,4345.705,4346.665,4329.265,4334.575,10703.0
2026-08-18 22:00:00,OANDA:XAUUSD,4341.965,4343.83,4332.77,4333.83,11394.0
2026-08-18 23:00:00,OANDA:XAUUSD,4334.045,4338.45,4327.27,4333.105,16888.0
2026-08-19 00:00:00,OANDA:XAUUSD,4333.14,4347.42,4331.635,4338.155,37421.0
2026-08-19 01:00:00,OANDA:XAUUSD,4338.015,4357.765,4324.68,4356.63,48250.0
2026-08-19 02:00:00,OANDA:XAUUSD,4356.72,4362.165,4351.545,4355.085,24308.0
2026-08-19 03:00:00,OANDA:XAUUSD,4355.055,4360.51,4351.96,4355.06,12460.0
2026-08-19 04:00:00,OANDA:XAUUSD,4355.15,4356.29,4344.005,4348.555,13122.0
2026-08-19 05:00:00,OANDA:XAUUSD,4348.53,4350.865,4335.175,4335.695,26464.0
2026-08-19 06:00:00,OANDA:XAUUSD,4335.635,4349.465,4335.415,4349.15,28259.0
2026-08-19 07:00:00,OANDA:XAUUSD,4349.095,4363.34,4347.54,4354.905,22766.0
2026-08-19 08:00:00,OANDA:XAUUSD,4354.805,4363.2,4351.105,4355.735,30004.0
2026-08-19 09:00:00,OANDA:XAUUSD,4355.66,4362.095,4353.45,4362.025,26360.0
2026-08-19 10:00:00,OANDA:XAUUSD,4362.045,4369.585,4359.755,4367.41,17186.0
2026-08-19 11:00:00,OANDA:XAUUSD,4367.435,4374.19,4363.305,4364.655,22071.0
2026-08-19 12:00:00,OANDA:XAUUSD,4364.65,4442.47,4362.115,4438.87,74300.0
2026-08-19 13:00:00,OANDA:XAUUSD,4438.875,4466.29,4424.285,4459.6,117754.0
2026-08-19 14:00:00,OANDA:XAUUSD,4459.59,4498.73,4455.22,4488.245,104156.0
2026-08-19 15:00:00,OANDA:XAUUSD,4488.215,4494.465,4478.355,4493.87,71194.0
2026-08-19 16:00:00,OANDA:XAUUSD,4493.9,4499.425,4490.655,4493.395,47943.0
2026-08-19 17:00:00,OANDA:XAUUSD,4493.52,4499.1,4484.425,4486.965,44485.0
2026-08-19 18:00:00,OANDA:XAUUSD,4486.96,4497.215,4472.18,4495.185,52117.0
2026-08-19 19:00:00,OANDA:XAUUSD,4495.15,4512.27,4494.49,4511.31,56123.0
2026-08-19 20:00:00,OANDA:XAUUSD,4511.265,4524.34,4505.165,4523.05,14522.0
2026-08-19 22:00:00,OANDA:XAUUSD,4521.405,4523.72,4516.415,4518.915,12764.0
2026-08-19 23:00:00,OANDA:XAUUSD,4518.98,4523.86,4511.36,4511.74,13946.0
2026-08-20 00:00:00,OANDA:XAUUSD,4511.69,4521.44,4503.835,4504.68,35955.0
2026-08-20 01:00:00,OANDA:XAUUSD,4504.705,4510.22,4484.48,4489.88,60930.0
2026-08-20 02:00:00,OANDA:XAUUSD,4489.89,4499.76,4488.68,4490.825,31375.0
2026-08-20 03:00:00,OANDA:XAUUSD,4490.83,4501.255,4488.05,4498.925,24553.0
2026-08-20 04:00:00,OANDA:XAUUSD,4498.95,4499.345,4486.395,4488.63,16428.0
2026-08-20 05:00:00,OANDA:XAUUSD,4488.64,4494.135,4478.075,4481.425,22804.0
2026-08-20 06:00:00,OANDA:XAUUSD,4481.35,4496.065,4480.17,4493.935,24717.0
2026-08-20 07:00:00,OANDA:XAUUSD,4493.89,4494.145,4483.645,4491.105,25839.0
2026-08-20 08:00:00,OANDA:XAUUSD,4491.105,4498.78,4487.34,4489.35,26460.0
2026-08-20 09:00:00,OANDA:XAUUSD,4489.39,4494.295,4482.005,4482.735,21276.0
2026-08-20 10:00:00,OANDA:XAUUSD,4482.75,4495.145,4480.865,4490.18,19592.0
2026-08-20 11:00:00,OANDA:XAUUSD,4490.21,4491.34,4465.57,4467.175,31256.0
2026-08-20 12:00:00,OANDA:XAUUSD,4467.18,4477.1,4450.745,4474.855,60534.0
2026-08-20 13:00:00,OANDA:XAUUSD,4474.875,4489.335,4469.35,4481.715,76919.0
2026-08-20 14:00:00,OANDA:XAUUSD,4481.705,4516.315,4480.87,4516.06,77393.0
2026-08-20 15:00:00,OANDA:XAUUSD,4516.145,4541.045,4508.76,4521.735,106448.0
2026-08-20 16:00:00,OANDA:XAUUSD,4521.755,4524.885,4502.825,4510.07,53638.0
2026-08-20 17:00:00,OANDA:XAUUSD,4510.1,4520.485,4507.79,4520.025,32722.0
2026-08-20 18:00:00,OANDA:XAUUSD,4520.06,4525.365,4508.395,4522.08,28614.0
2026-08-20 19:00:00,OANDA:XAUUSD,4522.065,4532.235,4518.19,4528.745,35376.0
2026-08-20 20:00:00,OANDA:XAUUSD,4528.755,4529.205,4516.835,4518.955,10830.0
2026-08-20 22:00:00,OANDA:XAUUSD,4519.545,4524.42,4517.04,4524.225,7165.0
2026-08-20 23:00:00,OANDA:XAUUSD,4524.215,4533.05,4520.99,4526.405,13671.0
2026-08-21 00:00:00,OANDA:XAUUSD,4526.39,4527.555,4509.8,4510.765,24626.0
2026-08-21 01:00:00,OANDA:XAUUSD,4510.755,4544.01,4508.995,4530.785,45033.0
2026-08-21 02:00:00,OANDA:XAUUSD,4530.82,4542.96,4518.505,4533.9,30641.0
2026-08-21 03:00:00,OANDA:XAUUSD,4533.845,4538.81,4526.795,4535.57,18753.0
2026-08-21 04:00:00,OANDA:XAUUSD,4535.61,4548.215,4535.515,4540.7,17015.0
2026-08-21 05:00:00,OANDA:XAUUSD,4540.75,4556.46,4529.115,4553.735,23766.0
2026-08-21 06:00:00,OANDA:XAUUSD,4553.82,4567.785,4545.6,4560.955,33389.0
2026-08-21 07:00:00,OANDA:XAUUSD,4560.95,4568.13,4558.565,4564.42,27059.0
2026-08-21 08:00:00,OANDA:XAUUSD,4564.535,4585.13,4559.155,4584.255,29227.0
2026-08-21 09:00:00,OANDA:XAUUSD,4584.285,4602.27,4580.545,4582.725,28465.0
2026-08-21 10:00:00,OANDA:XAUUSD,4582.62,4594.22,4577.93,4588.57,24450.0
2026-08-21 11:00:00,OANDA:XAUUSD,4588.64,4604.61,4587.255,4597.045,31629.0
2026-08-21 12:00:00,OANDA:XAUUSD,4597.125,4601.655,4563.57,4578.08,45271.0
2026-08-21 13:00:00,OANDA:XAUUSD,4578.025,4593.135,4573.4,4581.095,71405.0
2026-08-21 14:00:00,OANDA:XAUUSD,4581.02,4603.625,4579.845,4591.57,88389.0
2026-08-21 15:00:00,OANDA:XAUUSD,4591.575,4615.45,4587.28,4614.625,72806.0
2026-08-21 16:00:00,OANDA:XAUUSD,4614.645,4629.165,4609.11,4628.88,52148.0
2026-08-21 17:00:00,OANDA:XAUUSD,4628.92,4632.145,4615.32,4620.67,47512.0
2026-08-21 18:00:00,OANDA:XAUUSD,4620.68,4627.845,4619.555,4624.515,28423.0
2026-08-21 19:00:00,OANDA:XAUUSD,4624.555,4625.66,4615.645,4617.03,29208.0
2026-08-21 20:00:00,OANDA:XAUUSD,4617.06,4617.815,4602.67,4602.99,16094.0
2026-08-23 22:00:00,OANDA:XAUUSD,4609.655,4621.245,4606.13,4606.21,15331.0
2026-08-23 23:00:00,OANDA:XAUUSD,4606.255,4624.695,4604.75,4624.085,17843.0
2026-08-24 00:00:00,OANDA:XAUUSD,4624.08,4640.935,4594.515,4621.905,62744.0
2026-08-24 01:00:00,OANDA:XAUUSD,4621.85,4637.745,4608.155,4632.245,70157.0
2026-08-24 02:00:00,OANDA:XAUUSD,4632.23,4657.0,4627.73,4643.79,49080.0
2026-08-24 03:00:00,OANDA:XAUUSD,4643.84,4650.25,4633.6,4641.835,33960.0
2026-08-24 04:00:00,OANDA:XAUUSD,4641.82,4642.82,4632.71,4638.93,28611.0
2026-08-24 05:00:00,OANDA:XAUUSD,4638.94,4646.67,4630.015,4640.94,41437.0
2026-08-24 06:00:00,OANDA:XAUUSD,4640.91,4660.125,4639.465,4649.97,46372.0
2026-08-24 07:00:00,OANDA:XAUUSD,4650.005,4654.815,4630.335,4641.615,49669.0
2026-08-24 08:00:00,OANDA:XAUUSD,4641.605,4646.685,4628.895,4638.19,36950.0
2026-08-24 09:00:00,OANDA:XAUUSD,4638.135,4646.095,4632.895,4645.93,29245.0
2026-08-24 10:00:00,OANDA:XAUUSD,4645.895,4650.21,4641.97,4643.285,28058.0
2026-08-24 11:00:00,OANDA:XAUUSD,4643.26,4670.46,4639.165,4657.905,47302.0
2026-08-24 12:00:00,OANDA:XAUUSD,4657.9,4668.82,4645.625,4662.83,48398.0
2026-08-24 13:00:00,OANDA:XAUUSD,4662.815,4681.02,4656.245,4664.835,88658.0
2026-08-24 14:00:00,OANDA:XAUUSD,4664.79,4678.725,4655.395,4670.355,99385.0
2026-08-24 15:00:00,OANDA:XAUUSD,4670.375,4679.79,4640.135,4649.335,73567.0
2026-08-24 16:00:00,OANDA:XAUUSD,4649.42,4662.23,4641.845,4645.105,47162.0
2026-08-24 17:00:00,OANDA:XAUUSD,4645.095,4655.475,4630.035,4636.765,75104.0
2026-08-24 18:00:00,OANDA:XAUUSD,4636.785,4642.265,4625.225,4636.555,57359.0
2026-08-24 19:00:00,OANDA:XAUUSD,4636.515,4656.145,4635.955,4651.95,51275.0
2026-08-24 20:00:00,OANDA:XAUUSD,4651.845,4655.255,4650.275,4650.925,5295.0
